GameSeed,GameName,Round,Event,Tick,Turn,PlayerCount,GameID,FinalScore(PlayerName-0),FinalScore(Player-1),FinalScore(Player-0),FinalScore(PlayerName-1),OrdinalPosition(Player-1 rank),OrdinalPosition(PlayerName-0),OrdinalPosition(Player-1),OrdinalPosition(Player-0),OrdinalPosition(Player-0 rank),OrdinalPosition(PlayerName-1),PlayerType(PlayerType-1),PlayerType(PlayerType-0),Winner(PlayerIdx)
1160790037,GoFish,0,GAME_OVER,101,34,2,2,mcts-500,3.0,10.0,mcts-1000,2,mcts-500,2,1,1,mcts-1000,mcts-1000,mcts-500,0
-1498142046,GoFish,0,GAME_OVER,103,37,2,3,mcts-500,3.0,10.0,mcts-1000,2,mcts-500,2,1,1,mcts-1000,mcts-1000,mcts-500,0
-418802376,GoFish,0,GAME_OVER,94,35,2,4,mcts-500,3.0,10.0,mcts-1000,2,mcts-500,2,1,1,mcts-1000,mcts-1000,mcts-500,0
-2052236361,GoFish,0,GAME_OVER,96,38,2,5,mcts-500,7.0,6.0,mcts-1000,1,mcts-500,1,2,2,mcts-1000,mcts-1000,mcts-500,1
890666145,GoFish,0,GAME_OVER,99,36,2,6,mcts-500,4.0,9.0,mcts-1000,2,mcts-500,2,1,1,mcts-1000,mcts-1000,mcts-500,0
1569238478,GoFish,0,GAME_OVER,98,32,2,7,mcts-500,5.0,8.0,mcts-1000,2,mcts-500,2,1,1,mcts-1000,mcts-1000,mcts-500,0
-187469389,GoFish,0,GAME_OVER,99,38,2,8,mcts-500,10.0,3.0,mcts-1000,1,mcts-500,1,2,2,mcts-1000,mcts-1000,mcts-500,1
-42752577,GoFish,0,GAME_OVER,99,35,2,9,mcts-500,5.0,8.0,mcts-1000,2,mcts-500,2,1,1,mcts-1000,mcts-1000,mcts-500,0
-1337774010,GoFish,0,GAME_OVER,103,36,2,10,mcts-500,6.0,7.0,mcts-1000,2,mcts-500,2,1,1,mcts-1000,mcts-1000,mcts-500,0
-721901013,GoFish,0,GAME_OVER,100,36,2,11,mcts-500,5.0,8.0,mcts-1000,2,mcts-500,2,1,1,mcts-1000,mcts-1000,mcts-500,0
1992352636,GoFish,0,GAME_OVER,98,37,2,12,mcts-500,5.0,8.0,mcts-1000,2,mcts-500,2,1,1,mcts-1000,mcts-1000,mcts-500,0
-2117472527,GoFish,0,GAME_OVER,100,35,2,13,mcts-500,3.0,10.0,mcts-1000,2,mcts-500,2,1,1,mcts-1000,mcts-1000,mcts-500,0
-1821004186,GoFish,0,GAME_OVER,106,37,2,14,mcts-500,4.0,9.0,mcts-1000,2,mcts-500,2,1,1,mcts-1000,mcts-1000,mcts-500,0
1026227815,GoFish,0,GAME_OVER,103,39,2,15,mcts-500,7.0,6.0,mcts-1000,1,mcts-500,1,2,2,mcts-1000,mcts-1000,mcts-500,1
-651141359,GoFish,0,GAME_OVER,105,39,2,16,mcts-500,5.0,8.0,mcts-1000,2,mcts-500,2,1,1,mcts-1000,mcts-1000,mcts-500,0
-906896864,GoFish,0,GAME_OVER,96,38,2,17,mcts-500,7.0,6.0,mcts-1000,1,mcts-500,1,2,2,mcts-1000,mcts-1000,mcts-500,1
1342710703,GoFish,0,GAME_OVER,102,35,2,18,mcts-500,5.0,8.0,mcts-1000,2,mcts-500,2,1,1,mcts-1000,mcts-1000,mcts-500,0
2046903153,GoFish,0,GAME_OVER,108,41,2,19,mcts-500,3.0,10.0,mcts-1000,2,mcts-500,2,1,1,mcts-1000,mcts-1000,mcts-500,0
-1086811407,GoFish,0,GAME_OVER,101,40,2,20,mcts-500,5.0,8.0,mcts-1000,2,mcts-500,2,1,1,mcts-1000,mcts-1000,mcts-500,0
744610857,GoFish,0,GAME_OVER,102,36,2,21,mcts-500,6.0,7.0,mcts-1000,2,mcts-500,2,1,1,mcts-1000,mcts-1000,mcts-500,0
1160790037,GoFish,0,GAME_OVER,103,36,2,22,mcts-500,4.0,9.0,random,2,mcts-500,2,1,1,random,random,mcts-500,0
-1498142046,GoFish,0,GAME_OVER,107,39,2,23,mcts-500,6.0,7.0,random,2,mcts-500,2,1,1,random,random,mcts-500,0
-418802376,GoFish,0,GAME_OVER,105,36,2,24,mcts-500,8.0,5.0,random,1,mcts-500,1,2,2,random,random,mcts-500,1
-2052236361,GoFish,0,GAME_OVER,101,37,2,25,mcts-500,7.0,6.0,random,1,mcts-500,1,2,2,random,random,mcts-500,1
890666145,GoFish,0,GAME_OVER,104,39,2,26,mcts-500,4.0,9.0,random,2,mcts-500,2,1,1,random,random,mcts-500,0
1569238478,GoFish,0,GAME_OVER,99,35,2,27,mcts-500,7.0,6.0,random,1,mcts-500,1,2,2,random,random,mcts-500,1
-187469389,GoFish,0,GAME_OVER,95,36,2,28,mcts-500,6.0,7.0,random,2,mcts-500,2,1,1,random,random,mcts-500,0
-42752577,GoFish,0,GAME_OVER,99,37,2,29,mcts-500,7.0,6.0,random,1,mcts-500,1,2,2,random,random,mcts-500,1
-1337774010,GoFish,0,GAME_OVER,103,39,2,30,mcts-500,9.0,4.0,random,1,mcts-500,1,2,2,random,random,mcts-500,1
-721901013,GoFish,0,GAME_OVER,98,35,2,31,mcts-500,3.0,10.0,random,2,mcts-500,2,1,1,random,random,mcts-500,0
1992352636,GoFish,0,GAME_OVER,96,33,2,32,mcts-500,8.0,5.0,random,1,mcts-500,1,2,2,random,random,mcts-500,1
-2117472527,GoFish,0,GAME_OVER,99,37,2,33,mcts-500,6.0,7.0,random,2,mcts-500,2,1,1,random,random,mcts-500,0
-1821004186,GoFish,0,GAME_OVER,99,35,2,34,mcts-500,7.0,6.0,random,1,mcts-500,1,2,2,random,random,mcts-500,1
1026227815,GoFish,0,GAME_OVER,97,36,2,35,mcts-500,8.0,5.0,random,1,mcts-500,1,2,2,random,random,mcts-500,1
-651141359,GoFish,0,GAME_OVER,102,34,2,36,mcts-500,8.0,5.0,random,1,mcts-500,1,2,2,random,random,mcts-500,1
-906896864,GoFish,0,GAME_OVER,99,38,2,37,mcts-500,8.0,5.0,random,1,mcts-500,1,2,2,random,random,mcts-500,1
1342710703,GoFish,0,GAME_OVER,102,37,2,38,mcts-500,8.0,5.0,random,1,mcts-500,1,2,2,random,random,mcts-500,1
2046903153,GoFish,0,GAME_OVER,103,37,2,39,mcts-500,7.0,6.0,random,1,mcts-500,1,2,2,random,random,mcts-500,1
-1086811407,GoFish,0,GAME_OVER,104,39,2,40,mcts-500,2.0,11.0,random,2,mcts-500,2,1,1,random,random,mcts-500,0
744610857,GoFish,0,GAME_OVER,103,39,2,41,mcts-500,7.0,6.0,random,1,mcts-500,1,2,2,random,random,mcts-500,1
1160790037,GoFish,0,GAME_OVER,101,35,2,42,mcts-500,5.0,8.0,mcts-100,2,mcts-500,2,1,1,mcts-100,mcts-100,mcts-500,0
-1498142046,GoFish,0,GAME_OVER,103,36,2,43,mcts-500,9.0,4.0,mcts-100,1,mcts-500,1,2,2,mcts-100,mcts-100,mcts-500,1
-418802376,GoFish,0,GAME_OVER,108,38,2,44,mcts-500,7.0,6.0,mcts-100,1,mcts-500,1,2,2,mcts-100,mcts-100,mcts-500,1
-2052236361,GoFish,0,GAME_OVER,99,37,2,45,mcts-500,7.0,6.0,mcts-100,1,mcts-500,1,2,2,mcts-100,mcts-100,mcts-500,1
890666145,GoFish,0,GAME_OVER,103,39,2,46,mcts-500,7.0,6.0,mcts-100,1,mcts-500,1,2,2,mcts-100,mcts-100,mcts-500,1
1569238478,GoFish,0,GAME_OVER,108,40,2,47,mcts-500,7.0,6.0,mcts-100,1,mcts-500,1,2,2,mcts-100,mcts-100,mcts-500,1
-187469389,GoFish,0,GAME_OVER,101,37,2,48,mcts-500,5.0,8.0,mcts-100,2,mcts-500,2,1,1,mcts-100,mcts-100,mcts-500,0
-42752577,GoFish,0,GAME_OVER,102,37,2,49,mcts-500,6.0,7.0,mcts-100,2,mcts-500,2,1,1,mcts-100,mcts-100,mcts-500,0
-1337774010,GoFish,0,GAME_OVER,105,39,2,50,mcts-500,8.0,5.0,mcts-100,1,mcts-500,1,2,2,mcts-100,mcts-100,mcts-500,1
-721901013,GoFish,0,GAME_OVER,102,38,2,51,mcts-500,9.0,4.0,mcts-100,1,mcts-500,1,2,2,mcts-100,mcts-100,mcts-500,1
1992352636,GoFish,0,GAME_OVER,101,38,2,52,mcts-500,5.0,8.0,mcts-100,2,mcts-500,2,1,1,mcts-100,mcts-100,mcts-500,0
-2117472527,GoFish,0,GAME_OVER,103,35,2,53,mcts-500,8.0,5.0,mcts-100,1,mcts-500,1,2,2,mcts-100,mcts-100,mcts-500,1
-1821004186,GoFish,0,GAME_OVER,99,39,2,54,mcts-500,5.0,8.0,mcts-100,2,mcts-500,2,1,1,mcts-100,mcts-100,mcts-500,0
1026227815,GoFish,0,GAME_OVER,99,39,2,55,mcts-500,5.0,8.0,mcts-100,2,mcts-500,2,1,1,mcts-100,mcts-100,mcts-500,0
-651141359,GoFish,0,GAME_OVER,102,36,2,56,mcts-500,5.0,8.0,mcts-100,2,mcts-500,2,1,1,mcts-100,mcts-100,mcts-500,0
-906896864,GoFish,0,GAME_OVER,103,38,2,57,mcts-500,6.0,7.0,mcts-100,2,mcts-500,2,1,1,mcts-100,mcts-100,mcts-500,0
1342710703,GoFish,0,GAME_OVER,106,42,2,58,mcts-500,8.0,5.0,mcts-100,1,mcts-500,1,2,2,mcts-100,mcts-100,mcts-500,1
2046903153,GoFish,0,GAME_OVER,104,38,2,59,mcts-500,6.0,7.0,mcts-100,2,mcts-500,2,1,1,mcts-100,mcts-100,mcts-500,0
-1086811407,GoFish,0,GAME_OVER,99,36,2,60,mcts-500,4.0,9.0,mcts-100,2,mcts-500,2,1,1,mcts-100,mcts-100,mcts-500,0
744610857,GoFish,0,GAME_OVER,100,36,2,61,mcts-500,9.0,4.0,mcts-100,1,mcts-500,1,2,2,mcts-100,mcts-100,mcts-500,1
1160790037,GoFish,0,GAME_OVER,101,41,2,62,mcts-500,7.0,6.0,mcts-5000,1,mcts-500,1,2,2,mcts-5000,mcts-5000,mcts-500,1
-1498142046,GoFish,0,GAME_OVER,103,37,2,63,mcts-500,6.0,7.0,mcts-5000,2,mcts-500,2,1,1,mcts-5000,mcts-5000,mcts-500,0
-418802376,GoFish,0,GAME_OVER,98,36,2,64,mcts-500,4.0,9.0,mcts-5000,2,mcts-500,2,1,1,mcts-5000,mcts-5000,mcts-500,0
-2052236361,GoFish,0,GAME_OVER,100,34,2,65,mcts-500,5.0,8.0,mcts-5000,2,mcts-500,2,1,1,mcts-5000,mcts-5000,mcts-500,0
890666145,GoFish,0,GAME_OVER,98,40,2,66,mcts-500,6.0,7.0,mcts-5000,2,mcts-500,2,1,1,mcts-5000,mcts-5000,mcts-500,0
1569238478,GoFish,0,GAME_OVER,109,38,2,67,mcts-500,7.0,6.0,mcts-5000,1,mcts-500,1,2,2,mcts-5000,mcts-5000,mcts-500,1
-187469389,GoFish,0,GAME_OVER,95,38,2,68,mcts-500,4.0,9.0,mcts-5000,2,mcts-500,2,1,1,mcts-5000,mcts-5000,mcts-500,0
-42752577,GoFish,0,GAME_OVER,103,37,2,69,mcts-500,7.0,6.0,mcts-5000,1,mcts-500,1,2,2,mcts-5000,mcts-5000,mcts-500,1
-1337774010,GoFish,0,GAME_OVER,103,38,2,70,mcts-500,5.0,8.0,mcts-5000,2,mcts-500,2,1,1,mcts-5000,mcts-5000,mcts-500,0
-721901013,GoFish,0,GAME_OVER,101,37,2,71,mcts-500,5.0,8.0,mcts-5000,2,mcts-500,2,1,1,mcts-5000,mcts-5000,mcts-500,0
1992352636,GoFish,0,GAME_OVER,100,39,2,72,mcts-500,4.0,9.0,mcts-5000,2,mcts-500,2,1,1,mcts-5000,mcts-5000,mcts-500,0
-2117472527,GoFish,0,GAME_OVER,96,39,2,73,mcts-500,9.0,4.0,mcts-5000,1,mcts-500,1,2,2,mcts-5000,mcts-5000,mcts-500,1
-1821004186,GoFish,0,GAME_OVER,99,39,2,74,mcts-500,6.0,7.0,mcts-5000,2,mcts-500,2,1,1,mcts-5000,mcts-5000,mcts-500,0
1026227815,GoFish,0,GAME_OVER,100,35,2,75,mcts-500,6.0,7.0,mcts-5000,2,mcts-500,2,1,1,mcts-5000,mcts-5000,mcts-500,0
-651141359,GoFish,0,GAME_OVER,104,37,2,76,mcts-500,7.0,6.0,mcts-5000,1,mcts-500,1,2,2,mcts-5000,mcts-5000,mcts-500,1
-906896864,GoFish,0,GAME_OVER,98,38,2,77,mcts-500,9.0,4.0,mcts-5000,1,mcts-500,1,2,2,mcts-5000,mcts-5000,mcts-500,1
1342710703,GoFish,0,GAME_OVER,99,35,2,78,mcts-500,6.0,7.0,mcts-5000,2,mcts-500,2,1,1,mcts-5000,mcts-5000,mcts-500,0
2046903153,GoFish,0,GAME_OVER,106,42,2,79,mcts-500,8.0,5.0,mcts-5000,1,mcts-500,1,2,2,mcts-5000,mcts-5000,mcts-500,1
-1086811407,GoFish,0,GAME_OVER,97,39,2,80,mcts-500,5.0,8.0,mcts-5000,2,mcts-500,2,1,1,mcts-5000,mcts-5000,mcts-500,0
744610857,GoFish,0,GAME_OVER,102,35,2,81,mcts-500,5.0,8.0,mcts-5000,2,mcts-500,2,1,1,mcts-5000,mcts-5000,mcts-500,0
1160790037,GoFish,0,GAME_OVER,103,38,2,82,mcts-500,3.0,10.0,OSLA,2,mcts-500,2,1,1,OSLA,OSLA,mcts-500,0
-1498142046,GoFish,0,GAME_OVER,102,37,2,83,mcts-500,5.0,8.0,OSLA,2,mcts-500,2,1,1,OSLA,OSLA,mcts-500,0
-418802376,GoFish,0,GAME_OVER,104,38,2,84,mcts-500,7.0,6.0,OSLA,1,mcts-500,1,2,2,OSLA,OSLA,mcts-500,1
-2052236361,GoFish,0,GAME_OVER,100,36,2,85,mcts-500,5.0,8.0,OSLA,2,mcts-500,2,1,1,OSLA,OSLA,mcts-500,0
890666145,GoFish,0,GAME_OVER,96,35,2,86,mcts-500,6.0,7.0,OSLA,2,mcts-500,2,1,1,OSLA,OSLA,mcts-500,0
1569238478,GoFish,0,GAME_OVER,103,36,2,87,mcts-500,5.0,8.0,OSLA,2,mcts-500,2,1,1,OSLA,OSLA,mcts-500,0
-187469389,GoFish,0,GAME_OVER,98,37,2,88,mcts-500,4.0,9.0,OSLA,2,mcts-500,2,1,1,OSLA,OSLA,mcts-500,0
-42752577,GoFish,0,GAME_OVER,106,41,2,89,mcts-500,3.0,10.0,OSLA,2,mcts-500,2,1,1,OSLA,OSLA,mcts-500,0
-1337774010,GoFish,0,GAME_OVER,102,40,2,90,mcts-500,7.0,6.0,OSLA,1,mcts-500,1,2,2,OSLA,OSLA,mcts-500,1
-721901013,GoFish,0,GAME_OVER,100,36,2,91,mcts-500,6.0,7.0,OSLA,2,mcts-500,2,1,1,OSLA,OSLA,mcts-500,0
1992352636,GoFish,0,GAME_OVER,101,38,2,92,mcts-500,5.0,8.0,OSLA,2,mcts-500,2,1,1,OSLA,OSLA,mcts-500,0
-2117472527,GoFish,0,GAME_OVER,97,37,2,93,mcts-500,4.0,9.0,OSLA,2,mcts-500,2,1,1,OSLA,OSLA,mcts-500,0
-1821004186,GoFish,0,GAME_OVER,101,38,2,94,mcts-500,6.0,7.0,OSLA,2,mcts-500,2,1,1,OSLA,OSLA,mcts-500,0
1026227815,GoFish,0,GAME_OVER,105,39,2,95,mcts-500,5.0,8.0,OSLA,2,mcts-500,2,1,1,OSLA,OSLA,mcts-500,0
-651141359,GoFish,0,GAME_OVER,100,40,2,96,mcts-500,6.0,7.0,OSLA,2,mcts-500,2,1,1,OSLA,OSLA,mcts-500,0
-906896864,GoFish,0,GAME_OVER,99,36,2,97,mcts-500,6.0,7.0,OSLA,2,mcts-500,2,1,1,OSLA,OSLA,mcts-500,0
1342710703,GoFish,0,GAME_OVER,101,36,2,98,mcts-500,6.0,7.0,OSLA,2,mcts-500,2,1,1,OSLA,OSLA,mcts-500,0
2046903153,GoFish,0,GAME_OVER,102,38,2,99,mcts-500,6.0,7.0,OSLA,2,mcts-500,2,1,1,OSLA,OSLA,mcts-500,0
-1086811407,GoFish,0,GAME_OVER,98,36,2,100,mcts-500,3.0,10.0,OSLA,2,mcts-500,2,1,1,OSLA,OSLA,mcts-500,0
744610857,GoFish,0,GAME_OVER,101,36,2,101,mcts-500,10.0,3.0,OSLA,1,mcts-500,1,2,2,OSLA,OSLA,mcts-500,1
1160790037,GoFish,0,GAME_OVER,99,34,2,102,mcts-1000,10.0,3.0,mcts-500,1,mcts-1000,1,2,2,mcts-500,mcts-500,mcts-1000,1
-1498142046,GoFish,0,GAME_OVER,104,39,2,103,mcts-1000,9.0,4.0,mcts-500,1,mcts-1000,1,2,2,mcts-500,mcts-500,mcts-1000,1
-418802376,GoFish,0,GAME_OVER,99,37,2,104,mcts-1000,3.0,10.0,mcts-500,2,mcts-1000,2,1,1,mcts-500,mcts-500,mcts-1000,0
-2052236361,GoFish,0,GAME_OVER,99,35,2,105,mcts-1000,6.0,7.0,mcts-500,2,mcts-1000,2,1,1,mcts-500,mcts-500,mcts-1000,0
890666145,GoFish,0,GAME_OVER,102,37,2,106,mcts-1000,8.0,5.0,mcts-500,1,mcts-1000,1,2,2,mcts-500,mcts-500,mcts-1000,1
1569238478,GoFish,0,GAME_OVER,104,39,2,107,mcts-1000,3.0,10.0,mcts-500,2,mcts-1000,2,1,1,mcts-500,mcts-500,mcts-1000,0
-187469389,GoFish,0,GAME_OVER,102,38,2,108,mcts-1000,10.0,3.0,mcts-500,1,mcts-1000,1,2,2,mcts-500,mcts-500,mcts-1000,1
-42752577,GoFish,0,GAME_OVER,103,37,2,109,mcts-1000,6.0,7.0,mcts-500,2,mcts-1000,2,1,1,mcts-500,mcts-500,mcts-1000,0
-1337774010,GoFish,0,GAME_OVER,104,38,2,110,mcts-1000,5.0,8.0,mcts-500,2,mcts-1000,2,1,1,mcts-500,mcts-500,mcts-1000,0
-721901013,GoFish,0,GAME_OVER,102,39,2,111,mcts-1000,5.0,8.0,mcts-500,2,mcts-1000,2,1,1,mcts-500,mcts-500,mcts-1000,0
1992352636,GoFish,0,GAME_OVER,103,40,2,112,mcts-1000,4.0,9.0,mcts-500,2,mcts-1000,2,1,1,mcts-500,mcts-500,mcts-1000,0
-2117472527,GoFish,0,GAME_OVER,102,39,2,113,mcts-1000,8.0,5.0,mcts-500,1,mcts-1000,1,2,2,mcts-500,mcts-500,mcts-1000,1
-1821004186,GoFish,0,GAME_OVER,102,40,2,114,mcts-1000,8.0,5.0,mcts-500,1,mcts-1000,1,2,2,mcts-500,mcts-500,mcts-1000,1
1026227815,GoFish,0,GAME_OVER,103,37,2,115,mcts-1000,5.0,8.0,mcts-500,2,mcts-1000,2,1,1,mcts-500,mcts-500,mcts-1000,0
-651141359,GoFish,0,GAME_OVER,101,36,2,116,mcts-1000,7.0,6.0,mcts-500,1,mcts-1000,1,2,2,mcts-500,mcts-500,mcts-1000,1
-906896864,GoFish,0,GAME_OVER,106,39,2,117,mcts-1000,9.0,4.0,mcts-500,1,mcts-1000,1,2,2,mcts-500,mcts-500,mcts-1000,1
1342710703,GoFish,0,GAME_OVER,102,38,2,118,mcts-1000,6.0,7.0,mcts-500,2,mcts-1000,2,1,1,mcts-500,mcts-500,mcts-1000,0
2046903153,GoFish,0,GAME_OVER,103,38,2,119,mcts-1000,5.0,8.0,mcts-500,2,mcts-1000,2,1,1,mcts-500,mcts-500,mcts-1000,0
-1086811407,GoFish,0,GAME_OVER,97,38,2,120,mcts-1000,4.0,9.0,mcts-500,2,mcts-1000,2,1,1,mcts-500,mcts-500,mcts-1000,0
744610857,GoFish,0,GAME_OVER,98,34,2,121,mcts-1000,6.0,7.0,mcts-500,2,mcts-1000,2,1,1,mcts-500,mcts-500,mcts-1000,0
1160790037,GoFish,0,GAME_OVER,102,38,2,122,mcts-1000,6.0,7.0,random,2,mcts-1000,2,1,1,random,random,mcts-1000,0
-1498142046,GoFish,0,GAME_OVER,99,42,2,123,mcts-1000,7.0,6.0,random,1,mcts-1000,1,2,2,random,random,mcts-1000,1
-418802376,GoFish,0,GAME_OVER,101,36,2,124,mcts-1000,6.0,7.0,random,2,mcts-1000,2,1,1,random,random,mcts-1000,0
-2052236361,GoFish,0,GAME_OVER,105,40,2,125,mcts-1000,8.0,5.0,random,1,mcts-1000,1,2,2,random,random,mcts-1000,1
890666145,GoFish,0,GAME_OVER,97,36,2,126,mcts-1000,8.0,5.0,random,1,mcts-1000,1,2,2,random,random,mcts-1000,1
1569238478,GoFish,0,GAME_OVER,101,37,2,127,mcts-1000,5.0,8.0,random,2,mcts-1000,2,1,1,random,random,mcts-1000,0
-187469389,GoFish,0,GAME_OVER,101,34,2,128,mcts-1000,6.0,7.0,random,2,mcts-1000,2,1,1,random,random,mcts-1000,0
-42752577,GoFish,0,GAME_OVER,101,33,2,129,mcts-1000,5.0,8.0,random,2,mcts-1000,2,1,1,random,random,mcts-1000,0
-1337774010,GoFish,0,GAME_OVER,104,39,2,130,mcts-1000,7.0,6.0,random,1,mcts-1000,1,2,2,random,random,mcts-1000,1
-721901013,GoFish,0,GAME_OVER,98,36,2,131,mcts-1000,7.0,6.0,random,1,mcts-1000,1,2,2,random,random,mcts-1000,1
1992352636,GoFish,0,GAME_OVER,98,35,2,132,mcts-1000,6.0,7.0,random,2,mcts-1000,2,1,1,random,random,mcts-1000,0
-2117472527,GoFish,0,GAME_OVER,98,35,2,133,mcts-1000,7.0,6.0,random,1,mcts-1000,1,2,2,random,random,mcts-1000,1
-1821004186,GoFish,0,GAME_OVER,102,36,2,134,mcts-1000,3.0,10.0,random,2,mcts-1000,2,1,1,random,random,mcts-1000,0
1026227815,GoFish,0,GAME_OVER,107,38,2,135,mcts-1000,6.0,7.0,random,2,mcts-1000,2,1,1,random,random,mcts-1000,0
-651141359,GoFish,0,GAME_OVER,103,38,2,136,mcts-1000,5.0,8.0,random,2,mcts-1000,2,1,1,random,random,mcts-1000,0
-906896864,GoFish,0,GAME_OVER,101,34,2,137,mcts-1000,8.0,5.0,random,1,mcts-1000,1,2,2,random,random,mcts-1000,1
1342710703,GoFish,0,GAME_OVER,102,38,2,138,mcts-1000,5.0,8.0,random,2,mcts-1000,2,1,1,random,random,mcts-1000,0
2046903153,GoFish,0,GAME_OVER,102,40,2,139,mcts-1000,7.0,6.0,random,1,mcts-1000,1,2,2,random,random,mcts-1000,1
-1086811407,GoFish,0,GAME_OVER,96,33,2,140,mcts-1000,5.0,8.0,random,2,mcts-1000,2,1,1,random,random,mcts-1000,0
744610857,GoFish,0,GAME_OVER,99,38,2,141,mcts-1000,5.0,8.0,random,2,mcts-1000,2,1,1,random,random,mcts-1000,0
1160790037,GoFish,0,GAME_OVER,102,38,2,142,mcts-1000,8.0,5.0,mcts-100,1,mcts-1000,1,2,2,mcts-100,mcts-100,mcts-1000,1
-1498142046,GoFish,0,GAME_OVER,105,38,2,143,mcts-1000,5.0,8.0,mcts-100,2,mcts-1000,2,1,1,mcts-100,mcts-100,mcts-1000,0
-418802376,GoFish,0,GAME_OVER,99,38,2,144,mcts-1000,5.0,8.0,mcts-100,2,mcts-1000,2,1,1,mcts-100,mcts-100,mcts-1000,0
-2052236361,GoFish,0,GAME_OVER,98,33,2,145,mcts-1000,7.0,6.0,mcts-100,1,mcts-1000,1,2,2,mcts-100,mcts-100,mcts-1000,1
890666145,GoFish,0,GAME_OVER,103,40,2,146,mcts-1000,5.0,8.0,mcts-100,2,mcts-1000,2,1,1,mcts-100,mcts-100,mcts-1000,0
1569238478,GoFish,0,GAME_OVER,100,38,2,147,mcts-1000,5.0,8.0,mcts-100,2,mcts-1000,2,1,1,mcts-100,mcts-100,mcts-1000,0
-187469389,GoFish,0,GAME_OVER,102,37,2,148,mcts-1000,8.0,5.0,mcts-100,1,mcts-1000,1,2,2,mcts-100,mcts-100,mcts-1000,1
-42752577,GoFish,0,GAME_OVER,93,33,2,149,mcts-1000,8.0,5.0,mcts-100,1,mcts-1000,1,2,2,mcts-100,mcts-100,mcts-1000,1
-1337774010,GoFish,0,GAME_OVER,105,40,2,150,mcts-1000,7.0,6.0,mcts-100,1,mcts-1000,1,2,2,mcts-100,mcts-100,mcts-1000,1
-721901013,GoFish,0,GAME_OVER,106,38,2,151,mcts-1000,5.0,8.0,mcts-100,2,mcts-1000,2,1,1,mcts-100,mcts-100,mcts-1000,0
1992352636,GoFish,0,GAME_OVER,101,40,2,152,mcts-1000,5.0,8.0,mcts-100,2,mcts-1000,2,1,1,mcts-100,mcts-100,mcts-1000,0
-2117472527,GoFish,0,GAME_OVER,95,38,2,153,mcts-1000,4.0,9.0,mcts-100,2,mcts-1000,2,1,1,mcts-100,mcts-100,mcts-1000,0
-1821004186,GoFish,0,GAME_OVER,99,38,2,154,mcts-1000,4.0,9.0,mcts-100,2,mcts-1000,2,1,1,mcts-100,mcts-100,mcts-1000,0
1026227815,GoFish,0,GAME_OVER,95,36,2,155,mcts-1000,5.0,8.0,mcts-100,2,mcts-1000,2,1,1,mcts-100,mcts-100,mcts-1000,0
-651141359,GoFish,0,GAME_OVER,102,39,2,156,mcts-1000,10.0,3.0,mcts-100,1,mcts-1000,1,2,2,mcts-100,mcts-100,mcts-1000,1
-906896864,GoFish,0,GAME_OVER,102,38,2,157,mcts-1000,6.0,7.0,mcts-100,2,mcts-1000,2,1,1,mcts-100,mcts-100,mcts-1000,0
1342710703,GoFish,0,GAME_OVER,100,38,2,158,mcts-1000,7.0,6.0,mcts-100,1,mcts-1000,1,2,2,mcts-100,mcts-100,mcts-1000,1
2046903153,GoFish,0,GAME_OVER,101,36,2,159,mcts-1000,7.0,6.0,mcts-100,1,mcts-1000,1,2,2,mcts-100,mcts-100,mcts-1000,1
-1086811407,GoFish,0,GAME_OVER,102,34,2,160,mcts-1000,5.0,8.0,mcts-100,2,mcts-1000,2,1,1,mcts-100,mcts-100,mcts-1000,0
744610857,GoFish,0,GAME_OVER,103,35,2,161,mcts-1000,2.0,11.0,mcts-100,2,mcts-1000,2,1,1,mcts-100,mcts-100,mcts-1000,0
1160790037,GoFish,0,GAME_OVER,102,36,2,162,mcts-1000,8.0,5.0,mcts-5000,1,mcts-1000,1,2,2,mcts-5000,mcts-5000,mcts-1000,1
-1498142046,GoFish,0,GAME_OVER,100,38,2,163,mcts-1000,8.0,5.0,mcts-5000,1,mcts-1000,1,2,2,mcts-5000,mcts-5000,mcts-1000,1
-418802376,GoFish,0,GAME_OVER,99,37,2,164,mcts-1000,3.0,10.0,mcts-5000,2,mcts-1000,2,1,1,mcts-5000,mcts-5000,mcts-1000,0
-2052236361,GoFish,0,GAME_OVER,99,37,2,165,mcts-1000,9.0,4.0,mcts-5000,1,mcts-1000,1,2,2,mcts-5000,mcts-5000,mcts-1000,1
890666145,GoFish,0,GAME_OVER,97,31,2,166,mcts-1000,4.0,9.0,mcts-5000,2,mcts-1000,2,1,1,mcts-5000,mcts-5000,mcts-1000,0
1569238478,GoFish,0,GAME_OVER,102,36,2,167,mcts-1000,8.0,5.0,mcts-5000,1,mcts-1000,1,2,2,mcts-5000,mcts-5000,mcts-1000,1
-187469389,GoFish,0,GAME_OVER,102,40,2,168,mcts-1000,8.0,5.0,mcts-5000,1,mcts-1000,1,2,2,mcts-5000,mcts-5000,mcts-1000,1
-42752577,GoFish,0,GAME_OVER,102,37,2,169,mcts-1000,4.0,9.0,mcts-5000,2,mcts-1000,2,1,1,mcts-5000,mcts-5000,mcts-1000,0
-1337774010,GoFish,0,GAME_OVER,103,40,2,170,mcts-1000,4.0,9.0,mcts-5000,2,mcts-1000,2,1,1,mcts-5000,mcts-5000,mcts-1000,0
-721901013,GoFish,0,GAME_OVER,107,37,2,171,mcts-1000,10.0,3.0,mcts-5000,1,mcts-1000,1,2,2,mcts-5000,mcts-5000,mcts-1000,1
1992352636,GoFish,0,GAME_OVER,100,37,2,172,mcts-1000,6.0,7.0,mcts-5000,2,mcts-1000,2,1,1,mcts-5000,mcts-5000,mcts-1000,0
-2117472527,GoFish,0,GAME_OVER,99,35,2,173,mcts-1000,7.0,6.0,mcts-5000,1,mcts-1000,1,2,2,mcts-5000,mcts-5000,mcts-1000,1
-1821004186,GoFish,0,GAME_OVER,102,37,2,174,mcts-1000,3.0,10.0,mcts-5000,2,mcts-1000,2,1,1,mcts-5000,mcts-5000,mcts-1000,0
1026227815,GoFish,0,GAME_OVER,96,34,2,175,mcts-1000,7.0,6.0,mcts-5000,1,mcts-1000,1,2,2,mcts-5000,mcts-5000,mcts-1000,1
-651141359,GoFish,0,GAME_OVER,107,38,2,176,mcts-1000,9.0,4.0,mcts-5000,1,mcts-1000,1,2,2,mcts-5000,mcts-5000,mcts-1000,1
-906896864,GoFish,0,GAME_OVER,99,32,2,177,mcts-1000,7.0,6.0,mcts-5000,1,mcts-1000,1,2,2,mcts-5000,mcts-5000,mcts-1000,1
1342710703,GoFish,0,GAME_OVER,104,35,2,178,mcts-1000,8.0,5.0,mcts-5000,1,mcts-1000,1,2,2,mcts-5000,mcts-5000,mcts-1000,1
2046903153,GoFish,0,GAME_OVER,99,38,2,179,mcts-1000,8.0,5.0,mcts-5000,1,mcts-1000,1,2,2,mcts-5000,mcts-5000,mcts-1000,1
-1086811407,GoFish,0,GAME_OVER,100,40,2,180,mcts-1000,9.0,4.0,mcts-5000,1,mcts-1000,1,2,2,mcts-5000,mcts-5000,mcts-1000,1
744610857,GoFish,0,GAME_OVER,100,33,2,181,mcts-1000,7.0,6.0,mcts-5000,1,mcts-1000,1,2,2,mcts-5000,mcts-5000,mcts-1000,1
1160790037,GoFish,0,GAME_OVER,102,37,2,182,mcts-1000,2.0,11.0,OSLA,2,mcts-1000,2,1,1,OSLA,OSLA,mcts-1000,0
-1498142046,GoFish,0,GAME_OVER,97,38,2,183,mcts-1000,6.0,7.0,OSLA,2,mcts-1000,2,1,1,OSLA,OSLA,mcts-1000,0
-418802376,GoFish,0,GAME_OVER,99,40,2,184,mcts-1000,5.0,8.0,OSLA,2,mcts-1000,2,1,1,OSLA,OSLA,mcts-1000,0
-2052236361,GoFish,0,GAME_OVER,96,36,2,185,mcts-1000,7.0,6.0,OSLA,1,mcts-1000,1,2,2,OSLA,OSLA,mcts-1000,1
890666145,GoFish,0,GAME_OVER,103,36,2,186,mcts-1000,4.0,9.0,OSLA,2,mcts-1000,2,1,1,OSLA,OSLA,mcts-1000,0
1569238478,GoFish,0,GAME_OVER,103,39,2,187,mcts-1000,4.0,9.0,OSLA,2,mcts-1000,2,1,1,OSLA,OSLA,mcts-1000,0
-187469389,GoFish,0,GAME_OVER,95,38,2,188,mcts-1000,9.0,4.0,OSLA,1,mcts-1000,1,2,2,OSLA,OSLA,mcts-1000,1
-42752577,GoFish,0,GAME_OVER,99,36,2,189,mcts-1000,6.0,7.0,OSLA,2,mcts-1000,2,1,1,OSLA,OSLA,mcts-1000,0
-1337774010,GoFish,0,GAME_OVER,105,38,2,190,mcts-1000,5.0,8.0,OSLA,2,mcts-1000,2,1,1,OSLA,OSLA,mcts-1000,0
-721901013,GoFish,0,GAME_OVER,103,38,2,191,mcts-1000,4.0,9.0,OSLA,2,mcts-1000,2,1,1,OSLA,OSLA,mcts-1000,0
1992352636,GoFish,0,GAME_OVER,95,38,2,192,mcts-1000,6.0,7.0,OSLA,2,mcts-1000,2,1,1,OSLA,OSLA,mcts-1000,0
-2117472527,GoFish,0,GAME_OVER,100,37,2,193,mcts-1000,4.0,9.0,OSLA,2,mcts-1000,2,1,1,OSLA,OSLA,mcts-1000,0
-1821004186,GoFish,0,GAME_OVER,102,38,2,194,mcts-1000,3.0,10.0,OSLA,2,mcts-1000,2,1,1,OSLA,OSLA,mcts-1000,0
1026227815,GoFish,0,GAME_OVER,102,38,2,195,mcts-1000,8.0,5.0,OSLA,1,mcts-1000,1,2,2,OSLA,OSLA,mcts-1000,1
-651141359,GoFish,0,GAME_OVER,103,41,2,196,mcts-1000,5.0,8.0,OSLA,2,mcts-1000,2,1,1,OSLA,OSLA,mcts-1000,0
-906896864,GoFish,0,GAME_OVER,102,37,2,197,mcts-1000,9.0,4.0,OSLA,1,mcts-1000,1,2,2,OSLA,OSLA,mcts-1000,1
1342710703,GoFish,0,GAME_OVER,103,35,2,198,mcts-1000,7.0,6.0,OSLA,1,mcts-1000,1,2,2,OSLA,OSLA,mcts-1000,1
2046903153,GoFish,0,GAME_OVER,99,36,2,199,mcts-1000,5.0,8.0,OSLA,2,mcts-1000,2,1,1,OSLA,OSLA,mcts-1000,0
-1086811407,GoFish,0,GAME_OVER,99,38,2,200,mcts-1000,6.0,7.0,OSLA,2,mcts-1000,2,1,1,OSLA,OSLA,mcts-1000,0
744610857,GoFish,0,GAME_OVER,102,37,2,201,mcts-1000,4.0,9.0,OSLA,2,mcts-1000,2,1,1,OSLA,OSLA,mcts-1000,0
1160790037,GoFish,0,GAME_OVER,105,39,2,202,random,3.0,10.0,mcts-500,2,random,2,1,1,mcts-500,mcts-500,random,0
-1498142046,GoFish,0,GAME_OVER,101,35,2,203,random,5.0,8.0,mcts-500,2,random,2,1,1,mcts-500,mcts-500,random,0
-418802376,GoFish,0,GAME_OVER,104,35,2,204,random,4.0,9.0,mcts-500,2,random,2,1,1,mcts-500,mcts-500,random,0
-2052236361,GoFish,0,GAME_OVER,101,38,2,205,random,10.0,3.0,mcts-500,1,random,1,2,2,mcts-500,mcts-500,random,1
890666145,GoFish,0,GAME_OVER,97,35,2,206,random,7.0,6.0,mcts-500,1,random,1,2,2,mcts-500,mcts-500,random,1
1569238478,GoFish,0,GAME_OVER,104,38,2,207,random,7.0,6.0,mcts-500,1,random,1,2,2,mcts-500,mcts-500,random,1
-187469389,GoFish,0,GAME_OVER,102,35,2,208,random,6.0,7.0,mcts-500,2,random,2,1,1,mcts-500,mcts-500,random,0
-42752577,GoFish,0,GAME_OVER,100,35,2,209,random,6.0,7.0,mcts-500,2,random,2,1,1,mcts-500,mcts-500,random,0
-1337774010,GoFish,0,GAME_OVER,104,38,2,210,random,5.0,8.0,mcts-500,2,random,2,1,1,mcts-500,mcts-500,random,0
-721901013,GoFish,0,GAME_OVER,101,35,2,211,random,8.0,5.0,mcts-500,1,random,1,2,2,mcts-500,mcts-500,random,1
1992352636,GoFish,0,GAME_OVER,106,39,2,212,random,5.0,8.0,mcts-500,2,random,2,1,1,mcts-500,mcts-500,random,0
-2117472527,GoFish,0,GAME_OVER,101,39,2,213,random,5.0,8.0,mcts-500,2,random,2,1,1,mcts-500,mcts-500,random,0
-1821004186,GoFish,0,GAME_OVER,100,40,2,214,random,5.0,8.0,mcts-500,2,random,2,1,1,mcts-500,mcts-500,random,0
1026227815,GoFish,0,GAME_OVER,99,38,2,215,random,7.0,6.0,mcts-500,1,random,1,2,2,mcts-500,mcts-500,random,1
-651141359,GoFish,0,GAME_OVER,104,40,2,216,random,7.0,6.0,mcts-500,1,random,1,2,2,mcts-500,mcts-500,random,1
-906896864,GoFish,0,GAME_OVER,102,38,2,217,random,5.0,8.0,mcts-500,2,random,2,1,1,mcts-500,mcts-500,random,0
1342710703,GoFish,0,GAME_OVER,109,40,2,218,random,10.0,3.0,mcts-500,1,random,1,2,2,mcts-500,mcts-500,random,1
2046903153,GoFish,0,GAME_OVER,99,36,2,219,random,9.0,4.0,mcts-500,1,random,1,2,2,mcts-500,mcts-500,random,1
-1086811407,GoFish,0,GAME_OVER,100,34,2,220,random,6.0,7.0,mcts-500,2,random,2,1,1,mcts-500,mcts-500,random,0
744610857,GoFish,0,GAME_OVER,101,33,2,221,random,9.0,4.0,mcts-500,1,random,1,2,2,mcts-500,mcts-500,random,1
1160790037,GoFish,0,GAME_OVER,103,40,2,222,random,8.0,5.0,mcts-1000,1,random,1,2,2,mcts-1000,mcts-1000,random,1
-1498142046,GoFish,0,GAME_OVER,101,35,2,223,random,5.0,8.0,mcts-1000,2,random,2,1,1,mcts-1000,mcts-1000,random,0
-418802376,GoFish,0,GAME_OVER,100,36,2,224,random,8.0,5.0,mcts-1000,1,random,1,2,2,mcts-1000,mcts-1000,random,1
-2052236361,GoFish,0,GAME_OVER,101,38,2,225,random,10.0,3.0,mcts-1000,1,random,1,2,2,mcts-1000,mcts-1000,random,1
890666145,GoFish,0,GAME_OVER,102,37,2,226,random,7.0,6.0,mcts-1000,1,random,1,2,2,mcts-1000,mcts-1000,random,1
1569238478,GoFish,0,GAME_OVER,98,37,2,227,random,6.0,7.0,mcts-1000,2,random,2,1,1,mcts-1000,mcts-1000,random,0
-187469389,GoFish,0,GAME_OVER,103,39,2,228,random,5.0,8.0,mcts-1000,2,random,2,1,1,mcts-1000,mcts-1000,random,0
-42752577,GoFish,0,GAME_OVER,105,36,2,229,random,4.0,9.0,mcts-1000,2,random,2,1,1,mcts-1000,mcts-1000,random,0
-1337774010,GoFish,0,GAME_OVER,100,37,2,230,random,6.0,7.0,mcts-1000,2,random,2,1,1,mcts-1000,mcts-1000,random,0
-721901013,GoFish,0,GAME_OVER,101,39,2,231,random,3.0,10.0,mcts-1000,2,random,2,1,1,mcts-1000,mcts-1000,random,0
1992352636,GoFish,0,GAME_OVER,102,40,2,232,random,7.0,6.0,mcts-1000,1,random,1,2,2,mcts-1000,mcts-1000,random,1
-2117472527,GoFish,0,GAME_OVER,103,37,2,233,random,4.0,9.0,mcts-1000,2,random,2,1,1,mcts-1000,mcts-1000,random,0
-1821004186,GoFish,0,GAME_OVER,99,40,2,234,random,4.0,9.0,mcts-1000,2,random,2,1,1,mcts-1000,mcts-1000,random,0
1026227815,GoFish,0,GAME_OVER,101,36,2,235,random,6.0,7.0,mcts-1000,2,random,2,1,1,mcts-1000,mcts-1000,random,0
-651141359,GoFish,0,GAME_OVER,102,37,2,236,random,7.0,6.0,mcts-1000,1,random,1,2,2,mcts-1000,mcts-1000,random,1
-906896864,GoFish,0,GAME_OVER,102,36,2,237,random,5.0,8.0,mcts-1000,2,random,2,1,1,mcts-1000,mcts-1000,random,0
1342710703,GoFish,0,GAME_OVER,103,38,2,238,random,5.0,8.0,mcts-1000,2,random,2,1,1,mcts-1000,mcts-1000,random,0
2046903153,GoFish,0,GAME_OVER,101,38,2,239,random,8.0,5.0,mcts-1000,1,random,1,2,2,mcts-1000,mcts-1000,random,1
-1086811407,GoFish,0,GAME_OVER,103,36,2,240,random,8.0,5.0,mcts-1000,1,random,1,2,2,mcts-1000,mcts-1000,random,1
744610857,GoFish,0,GAME_OVER,100,36,2,241,random,7.0,6.0,mcts-1000,1,random,1,2,2,mcts-1000,mcts-1000,random,1
1160790037,GoFish,0,GAME_OVER,104,38,2,242,random,8.0,5.0,mcts-100,1,random,1,2,2,mcts-100,mcts-100,random,1
-1498142046,GoFish,0,GAME_OVER,98,36,2,243,random,6.0,7.0,mcts-100,2,random,2,1,1,mcts-100,mcts-100,random,0
-418802376,GoFish,0,GAME_OVER,104,39,2,244,random,6.0,7.0,mcts-100,2,random,2,1,1,mcts-100,mcts-100,random,0
-2052236361,GoFish,0,GAME_OVER,102,36,2,245,random,8.0,5.0,mcts-100,1,random,1,2,2,mcts-100,mcts-100,random,1
890666145,GoFish,0,GAME_OVER,103,37,2,246,random,8.0,5.0,mcts-100,1,random,1,2,2,mcts-100,mcts-100,random,1
1569238478,GoFish,0,GAME_OVER,102,37,2,247,random,5.0,8.0,mcts-100,2,random,2,1,1,mcts-100,mcts-100,random,0
-187469389,GoFish,0,GAME_OVER,101,37,2,248,random,6.0,7.0,mcts-100,2,random,2,1,1,mcts-100,mcts-100,random,0
-42752577,GoFish,0,GAME_OVER,103,37,2,249,random,6.0,7.0,mcts-100,2,random,2,1,1,mcts-100,mcts-100,random,0
-1337774010,GoFish,0,GAME_OVER,98,34,2,250,random,8.0,5.0,mcts-100,1,random,1,2,2,mcts-100,mcts-100,random,1
-721901013,GoFish,0,GAME_OVER,103,36,2,251,random,5.0,8.0,mcts-100,2,random,2,1,1,mcts-100,mcts-100,random,0
1992352636,GoFish,0,GAME_OVER,99,36,2,252,random,8.0,5.0,mcts-100,1,random,1,2,2,mcts-100,mcts-100,random,1
-2117472527,GoFish,0,GAME_OVER,102,40,2,253,random,6.0,7.0,mcts-100,2,random,2,1,1,mcts-100,mcts-100,random,0
-1821004186,GoFish,0,GAME_OVER,98,34,2,254,random,6.0,7.0,mcts-100,2,random,2,1,1,mcts-100,mcts-100,random,0
1026227815,GoFish,0,GAME_OVER,101,35,2,255,random,3.0,10.0,mcts-100,2,random,2,1,1,mcts-100,mcts-100,random,0
-651141359,GoFish,0,GAME_OVER,99,35,2,256,random,6.0,7.0,mcts-100,2,random,2,1,1,mcts-100,mcts-100,random,0
-906896864,GoFish,0,GAME_OVER,100,34,2,257,random,7.0,6.0,mcts-100,1,random,1,2,2,mcts-100,mcts-100,random,1
1342710703,GoFish,0,GAME_OVER,97,38,2,258,random,8.0,5.0,mcts-100,1,random,1,2,2,mcts-100,mcts-100,random,1
2046903153,GoFish,0,GAME_OVER,101,35,2,259,random,6.0,7.0,mcts-100,2,random,2,1,1,mcts-100,mcts-100,random,0
-1086811407,GoFish,0,GAME_OVER,98,38,2,260,random,7.0,6.0,mcts-100,1,random,1,2,2,mcts-100,mcts-100,random,1
744610857,GoFish,0,GAME_OVER,101,33,2,261,random,4.0,9.0,mcts-100,2,random,2,1,1,mcts-100,mcts-100,random,0
1160790037,GoFish,0,GAME_OVER,97,33,2,262,random,6.0,7.0,mcts-5000,2,random,2,1,1,mcts-5000,mcts-5000,random,0
-1498142046,GoFish,0,GAME_OVER,100,36,2,263,random,3.0,10.0,mcts-5000,2,random,2,1,1,mcts-5000,mcts-5000,random,0
-418802376,GoFish,0,GAME_OVER,102,35,2,264,random,6.0,7.0,mcts-5000,2,random,2,1,1,mcts-5000,mcts-5000,random,0
-2052236361,GoFish,0,GAME_OVER,103,39,2,265,random,9.0,4.0,mcts-5000,1,random,1,2,2,mcts-5000,mcts-5000,random,1
890666145,GoFish,0,GAME_OVER,107,40,2,266,random,5.0,8.0,mcts-5000,2,random,2,1,1,mcts-5000,mcts-5000,random,0
1569238478,GoFish,0,GAME_OVER,102,38,2,267,random,6.0,7.0,mcts-5000,2,random,2,1,1,mcts-5000,mcts-5000,random,0
-187469389,GoFish,0,GAME_OVER,97,36,2,268,random,8.0,5.0,mcts-5000,1,random,1,2,2,mcts-5000,mcts-5000,random,1
-42752577,GoFish,0,GAME_OVER,103,38,2,269,random,5.0,8.0,mcts-5000,2,random,2,1,1,mcts-5000,mcts-5000,random,0
-1337774010,GoFish,0,GAME_OVER,100,37,2,270,random,5.0,8.0,mcts-5000,2,random,2,1,1,mcts-5000,mcts-5000,random,0
-721901013,GoFish,0,GAME_OVER,102,37,2,271,random,5.0,8.0,mcts-5000,2,random,2,1,1,mcts-5000,mcts-5000,random,0
1992352636,GoFish,0,GAME_OVER,102,38,2,272,random,6.0,7.0,mcts-5000,2,random,2,1,1,mcts-5000,mcts-5000,random,0
-2117472527,GoFish,0,GAME_OVER,100,37,2,273,random,5.0,8.0,mcts-5000,2,random,2,1,1,mcts-5000,mcts-5000,random,0
-1821004186,GoFish,0,GAME_OVER,98,40,2,274,random,6.0,7.0,mcts-5000,2,random,2,1,1,mcts-5000,mcts-5000,random,0
1026227815,GoFish,0,GAME_OVER,101,38,2,275,random,7.0,6.0,mcts-5000,1,random,1,2,2,mcts-5000,mcts-5000,random,1
-651141359,GoFish,0,GAME_OVER,104,38,2,276,random,8.0,5.0,mcts-5000,1,random,1,2,2,mcts-5000,mcts-5000,random,1
-906896864,GoFish,0,GAME_OVER,96,36,2,277,random,9.0,4.0,mcts-5000,1,random,1,2,2,mcts-5000,mcts-5000,random,1
1342710703,GoFish,0,GAME_OVER,105,36,2,278,random,6.0,7.0,mcts-5000,2,random,2,1,1,mcts-5000,mcts-5000,random,0
2046903153,GoFish,0,GAME_OVER,100,40,2,279,random,5.0,8.0,mcts-5000,2,random,2,1,1,mcts-5000,mcts-5000,random,0
-1086811407,GoFish,0,GAME_OVER,100,38,2,280,random,7.0,6.0,mcts-5000,1,random,1,2,2,mcts-5000,mcts-5000,random,1
744610857,GoFish,0,GAME_OVER,104,37,2,281,random,7.0,6.0,mcts-5000,1,random,1,2,2,mcts-5000,mcts-5000,random,1
1160790037,GoFish,0,GAME_OVER,99,33,2,282,random,4.0,9.0,OSLA,2,random,2,1,1,OSLA,OSLA,random,0
-1498142046,GoFish,0,GAME_OVER,104,38,2,283,random,8.0,5.0,OSLA,1,random,1,2,2,OSLA,OSLA,random,1
-418802376,GoFish,0,GAME_OVER,95,34,2,284,random,4.0,9.0,OSLA,2,random,2,1,1,OSLA,OSLA,random,0
-2052236361,GoFish,0,GAME_OVER,95,36,2,285,random,9.0,4.0,OSLA,1,random,1,2,2,OSLA,OSLA,random,1
890666145,GoFish,0,GAME_OVER,100,34,2,286,random,6.0,7.0,OSLA,2,random,2,1,1,OSLA,OSLA,random,0
1569238478,GoFish,0,GAME_OVER,101,40,2,287,random,7.0,6.0,OSLA,1,random,1,2,2,OSLA,OSLA,random,1
-187469389,GoFish,0,GAME_OVER,101,40,2,288,random,10.0,3.0,OSLA,1,random,1,2,2,OSLA,OSLA,random,1
-42752577,GoFish,0,GAME_OVER,103,35,2,289,random,7.0,6.0,OSLA,1,random,1,2,2,OSLA,OSLA,random,1
-1337774010,GoFish,0,GAME_OVER,101,37,2,290,random,7.0,6.0,OSLA,1,random,1,2,2,OSLA,OSLA,random,1
-721901013,GoFish,0,GAME_OVER,99,38,2,291,random,5.0,8.0,OSLA,2,random,2,1,1,OSLA,OSLA,random,0
1992352636,GoFish,0,GAME_OVER,98,37,2,292,random,5.0,8.0,OSLA,2,random,2,1,1,OSLA,OSLA,random,0
-2117472527,GoFish,0,GAME_OVER,99,37,2,293,random,3.0,10.0,OSLA,2,random,2,1,1,OSLA,OSLA,random,0
-1821004186,GoFish,0,GAME_OVER,104,35,2,294,random,4.0,9.0,OSLA,2,random,2,1,1,OSLA,OSLA,random,0
1026227815,GoFish,0,GAME_OVER,99,37,2,295,random,7.0,6.0,OSLA,1,random,1,2,2,OSLA,OSLA,random,1
-651141359,GoFish,0,GAME_OVER,103,35,2,296,random,5.0,8.0,OSLA,2,random,2,1,1,OSLA,OSLA,random,0
-906896864,GoFish,0,GAME_OVER,101,38,2,297,random,4.0,9.0,OSLA,2,random,2,1,1,OSLA,OSLA,random,0
1342710703,GoFish,0,GAME_OVER,96,38,2,298,random,5.0,8.0,OSLA,2,random,2,1,1,OSLA,OSLA,random,0
2046903153,GoFish,0,GAME_OVER,95,38,2,299,random,5.0,8.0,OSLA,2,random,2,1,1,OSLA,OSLA,random,0
-1086811407,GoFish,0,GAME_OVER,100,38,2,300,random,6.0,7.0,OSLA,2,random,2,1,1,OSLA,OSLA,random,0
744610857,GoFish,0,GAME_OVER,102,36,2,301,random,4.0,9.0,OSLA,2,random,2,1,1,OSLA,OSLA,random,0
1160790037,GoFish,0,GAME_OVER,101,37,2,302,mcts-100,8.0,5.0,mcts-500,1,mcts-100,1,2,2,mcts-500,mcts-500,mcts-100,1
-1498142046,GoFish,0,GAME_OVER,101,38,2,303,mcts-100,7.0,6.0,mcts-500,1,mcts-100,1,2,2,mcts-500,mcts-500,mcts-100,1
-418802376,GoFish,0,GAME_OVER,97,36,2,304,mcts-100,4.0,9.0,mcts-500,2,mcts-100,2,1,1,mcts-500,mcts-500,mcts-100,0
-2052236361,GoFish,0,GAME_OVER,104,40,2,305,mcts-100,6.0,7.0,mcts-500,2,mcts-100,2,1,1,mcts-500,mcts-500,mcts-100,0
890666145,GoFish,0,GAME_OVER,101,39,2,306,mcts-100,7.0,6.0,mcts-500,1,mcts-100,1,2,2,mcts-500,mcts-500,mcts-100,1
1569238478,GoFish,0,GAME_OVER,104,38,2,307,mcts-100,8.0,5.0,mcts-500,1,mcts-100,1,2,2,mcts-500,mcts-500,mcts-100,1
-187469389,GoFish,0,GAME_OVER,102,36,2,308,mcts-100,5.0,8.0,mcts-500,2,mcts-100,2,1,1,mcts-500,mcts-500,mcts-100,0
-42752577,GoFish,0,GAME_OVER,101,37,2,309,mcts-100,8.0,5.0,mcts-500,1,mcts-100,1,2,2,mcts-500,mcts-500,mcts-100,1
-1337774010,GoFish,0,GAME_OVER,102,39,2,310,mcts-100,6.0,7.0,mcts-500,2,mcts-100,2,1,1,mcts-500,mcts-500,mcts-100,0
-721901013,GoFish,0,GAME_OVER,103,40,2,311,mcts-100,8.0,5.0,mcts-500,1,mcts-100,1,2,2,mcts-500,mcts-500,mcts-100,1
1992352636,GoFish,0,GAME_OVER,97,38,2,312,mcts-100,7.0,6.0,mcts-500,1,mcts-100,1,2,2,mcts-500,mcts-500,mcts-100,1
-2117472527,GoFish,0,GAME_OVER,108,40,2,313,mcts-100,9.0,4.0,mcts-500,1,mcts-100,1,2,2,mcts-500,mcts-500,mcts-100,1
-1821004186,GoFish,0,GAME_OVER,100,35,2,314,mcts-100,5.0,8.0,mcts-500,2,mcts-100,2,1,1,mcts-500,mcts-500,mcts-100,0
1026227815,GoFish,0,GAME_OVER,100,40,2,315,mcts-100,8.0,5.0,mcts-500,1,mcts-100,1,2,2,mcts-500,mcts-500,mcts-100,1
-651141359,GoFish,0,GAME_OVER,101,32,2,316,mcts-100,7.0,6.0,mcts-500,1,mcts-100,1,2,2,mcts-500,mcts-500,mcts-100,1
-906896864,GoFish,0,GAME_OVER,100,38,2,317,mcts-100,10.0,3.0,mcts-500,1,mcts-100,1,2,2,mcts-500,mcts-500,mcts-100,1
1342710703,GoFish,0,GAME_OVER,100,35,2,318,mcts-100,7.0,6.0,mcts-500,1,mcts-100,1,2,2,mcts-500,mcts-500,mcts-100,1
2046903153,GoFish,0,GAME_OVER,102,39,2,319,mcts-100,3.0,10.0,mcts-500,2,mcts-100,2,1,1,mcts-500,mcts-500,mcts-100,0
-1086811407,GoFish,0,GAME_OVER,102,36,2,320,mcts-100,8.0,5.0,mcts-500,1,mcts-100,1,2,2,mcts-500,mcts-500,mcts-100,1
744610857,GoFish,0,GAME_OVER,101,38,2,321,mcts-100,4.0,9.0,mcts-500,2,mcts-100,2,1,1,mcts-500,mcts-500,mcts-100,0
1160790037,GoFish,0,GAME_OVER,104,39,2,322,mcts-100,5.0,8.0,mcts-1000,2,mcts-100,2,1,1,mcts-1000,mcts-1000,mcts-100,0
-1498142046,GoFish,0,GAME_OVER,105,38,2,323,mcts-100,7.0,6.0,mcts-1000,1,mcts-100,1,2,2,mcts-1000,mcts-1000,mcts-100,1
-418802376,GoFish,0,GAME_OVER,104,37,2,324,mcts-100,5.0,8.0,mcts-1000,2,mcts-100,2,1,1,mcts-1000,mcts-1000,mcts-100,0
-2052236361,GoFish,0,GAME_OVER,98,35,2,325,mcts-100,7.0,6.0,mcts-1000,1,mcts-100,1,2,2,mcts-1000,mcts-1000,mcts-100,1
890666145,GoFish,0,GAME_OVER,103,39,2,326,mcts-100,4.0,9.0,mcts-1000,2,mcts-100,2,1,1,mcts-1000,mcts-1000,mcts-100,0
1569238478,GoFish,0,GAME_OVER,104,39,2,327,mcts-100,8.0,5.0,mcts-1000,1,mcts-100,1,2,2,mcts-1000,mcts-1000,mcts-100,1
-187469389,GoFish,0,GAME_OVER,102,37,2,328,mcts-100,7.0,6.0,mcts-1000,1,mcts-100,1,2,2,mcts-1000,mcts-1000,mcts-100,1
-42752577,GoFish,0,GAME_OVER,104,39,2,329,mcts-100,6.0,7.0,mcts-1000,2,mcts-100,2,1,1,mcts-1000,mcts-1000,mcts-100,0
-1337774010,GoFish,0,GAME_OVER,102,38,2,330,mcts-100,10.0,3.0,mcts-1000,1,mcts-100,1,2,2,mcts-1000,mcts-1000,mcts-100,1
-721901013,GoFish,0,GAME_OVER,99,38,2,331,mcts-100,3.0,10.0,mcts-1000,2,mcts-100,2,1,1,mcts-1000,mcts-1000,mcts-100,0
1992352636,GoFish,0,GAME_OVER,103,40,2,332,mcts-100,7.0,6.0,mcts-1000,1,mcts-100,1,2,2,mcts-1000,mcts-1000,mcts-100,1
-2117472527,GoFish,0,GAME_OVER,100,37,2,333,mcts-100,4.0,9.0,mcts-1000,2,mcts-100,2,1,1,mcts-1000,mcts-1000,mcts-100,0
-1821004186,GoFish,0,GAME_OVER,95,35,2,334,mcts-100,4.0,9.0,mcts-1000,2,mcts-100,2,1,1,mcts-1000,mcts-1000,mcts-100,0
1026227815,GoFish,0,GAME_OVER,96,34,2,335,mcts-100,7.0,6.0,mcts-1000,1,mcts-100,1,2,2,mcts-1000,mcts-1000,mcts-100,1
-651141359,GoFish,0,GAME_OVER,102,39,2,336,mcts-100,6.0,7.0,mcts-1000,2,mcts-100,2,1,1,mcts-1000,mcts-1000,mcts-100,0
-906896864,GoFish,0,GAME_OVER,100,38,2,337,mcts-100,9.0,4.0,mcts-1000,1,mcts-100,1,2,2,mcts-1000,mcts-1000,mcts-100,1
1342710703,GoFish,0,GAME_OVER,100,37,2,338,mcts-100,4.0,9.0,mcts-1000,2,mcts-100,2,1,1,mcts-1000,mcts-1000,mcts-100,0
2046903153,GoFish,0,GAME_OVER,101,40,2,339,mcts-100,5.0,8.0,mcts-1000,2,mcts-100,2,1,1,mcts-1000,mcts-1000,mcts-100,0
-1086811407,GoFish,0,GAME_OVER,101,39,2,340,mcts-100,4.0,9.0,mcts-1000,2,mcts-100,2,1,1,mcts-1000,mcts-1000,mcts-100,0
744610857,GoFish,0,GAME_OVER,103,38,2,341,mcts-100,10.0,3.0,mcts-1000,1,mcts-100,1,2,2,mcts-1000,mcts-1000,mcts-100,1
1160790037,GoFish,0,GAME_OVER,98,34,2,342,mcts-100,5.0,8.0,random,2,mcts-100,2,1,1,random,random,mcts-100,0
-1498142046,GoFish,0,GAME_OVER,105,37,2,343,mcts-100,6.0,7.0,random,2,mcts-100,2,1,1,random,random,mcts-100,0
-418802376,GoFish,0,GAME_OVER,102,40,2,344,mcts-100,4.0,9.0,random,2,mcts-100,2,1,1,random,random,mcts-100,0
-2052236361,GoFish,0,GAME_OVER,103,37,2,345,mcts-100,6.0,7.0,random,2,mcts-100,2,1,1,random,random,mcts-100,0
890666145,GoFish,0,GAME_OVER,99,37,2,346,mcts-100,8.0,5.0,random,1,mcts-100,1,2,2,random,random,mcts-100,1
1569238478,GoFish,0,GAME_OVER,110,41,2,347,mcts-100,6.0,7.0,random,2,mcts-100,2,1,1,random,random,mcts-100,0
-187469389,GoFish,0,GAME_OVER,102,34,2,348,mcts-100,5.0,8.0,random,2,mcts-100,2,1,1,random,random,mcts-100,0
-42752577,GoFish,0,GAME_OVER,99,35,2,349,mcts-100,6.0,7.0,random,2,mcts-100,2,1,1,random,random,mcts-100,0
-1337774010,GoFish,0,GAME_OVER,100,36,2,350,mcts-100,6.0,7.0,random,2,mcts-100,2,1,1,random,random,mcts-100,0
-721901013,GoFish,0,GAME_OVER,105,40,2,351,mcts-100,8.0,5.0,random,1,mcts-100,1,2,2,random,random,mcts-100,1
1992352636,GoFish,0,GAME_OVER,95,34,2,352,mcts-100,7.0,6.0,random,1,mcts-100,1,2,2,random,random,mcts-100,1
-2117472527,GoFish,0,GAME_OVER,98,40,2,353,mcts-100,9.0,4.0,random,1,mcts-100,1,2,2,random,random,mcts-100,1
-1821004186,GoFish,0,GAME_OVER,105,40,2,354,mcts-100,6.0,7.0,random,2,mcts-100,2,1,1,random,random,mcts-100,0
1026227815,GoFish,0,GAME_OVER,102,37,2,355,mcts-100,8.0,5.0,random,1,mcts-100,1,2,2,random,random,mcts-100,1
-651141359,GoFish,0,GAME_OVER,104,37,2,356,mcts-100,6.0,7.0,random,2,mcts-100,2,1,1,random,random,mcts-100,0
-906896864,GoFish,0,GAME_OVER,99,38,2,357,mcts-100,6.0,7.0,random,2,mcts-100,2,1,1,random,random,mcts-100,0
1342710703,GoFish,0,GAME_OVER,99,39,2,358,mcts-100,6.0,7.0,random,2,mcts-100,2,1,1,random,random,mcts-100,0
2046903153,GoFish,0,GAME_OVER,98,34,2,359,mcts-100,8.0,5.0,random,1,mcts-100,1,2,2,random,random,mcts-100,1
-1086811407,GoFish,0,GAME_OVER,96,33,2,360,mcts-100,5.0,8.0,random,2,mcts-100,2,1,1,random,random,mcts-100,0
744610857,GoFish,0,GAME_OVER,98,36,2,361,mcts-100,8.0,5.0,random,1,mcts-100,1,2,2,random,random,mcts-100,1
1160790037,GoFish,0,GAME_OVER,101,35,2,362,mcts-100,5.0,8.0,mcts-5000,2,mcts-100,2,1,1,mcts-5000,mcts-5000,mcts-100,0
-1498142046,GoFish,0,GAME_OVER,103,38,2,363,mcts-100,7.0,6.0,mcts-5000,1,mcts-100,1,2,2,mcts-5000,mcts-5000,mcts-100,1
-418802376,GoFish,0,GAME_OVER,99,38,2,364,mcts-100,4.0,9.0,mcts-5000,2,mcts-100,2,1,1,mcts-5000,mcts-5000,mcts-100,0
-2052236361,GoFish,0,GAME_OVER,102,37,2,365,mcts-100,9.0,4.0,mcts-5000,1,mcts-100,1,2,2,mcts-5000,mcts-5000,mcts-100,1
890666145,GoFish,0,GAME_OVER,98,39,2,366,mcts-100,5.0,8.0,mcts-5000,2,mcts-100,2,1,1,mcts-5000,mcts-5000,mcts-100,0
1569238478,GoFish,0,GAME_OVER,104,37,2,367,mcts-100,8.0,5.0,mcts-5000,1,mcts-100,1,2,2,mcts-5000,mcts-5000,mcts-100,1
-187469389,GoFish,0,GAME_OVER,100,37,2,368,mcts-100,6.0,7.0,mcts-5000,2,mcts-100,2,1,1,mcts-5000,mcts-5000,mcts-100,0
-42752577,GoFish,0,GAME_OVER,104,41,2,369,mcts-100,7.0,6.0,mcts-5000,1,mcts-100,1,2,2,mcts-5000,mcts-5000,mcts-100,1
-1337774010,GoFish,0,GAME_OVER,104,38,2,370,mcts-100,8.0,5.0,mcts-5000,1,mcts-100,1,2,2,mcts-5000,mcts-5000,mcts-100,1
-721901013,GoFish,0,GAME_OVER,103,38,2,371,mcts-100,5.0,8.0,mcts-5000,2,mcts-100,2,1,1,mcts-5000,mcts-5000,mcts-100,0
1992352636,GoFish,0,GAME_OVER,99,32,2,372,mcts-100,2.0,11.0,mcts-5000,2,mcts-100,2,1,1,mcts-5000,mcts-5000,mcts-100,0
-2117472527,GoFish,0,GAME_OVER,99,39,2,373,mcts-100,7.0,6.0,mcts-5000,1,mcts-100,1,2,2,mcts-5000,mcts-5000,mcts-100,1
-1821004186,GoFish,0,GAME_OVER,98,36,2,374,mcts-100,7.0,6.0,mcts-5000,1,mcts-100,1,2,2,mcts-5000,mcts-5000,mcts-100,1
1026227815,GoFish,0,GAME_OVER,103,36,2,375,mcts-100,7.0,6.0,mcts-5000,1,mcts-100,1,2,2,mcts-5000,mcts-5000,mcts-100,1
-651141359,GoFish,0,GAME_OVER,103,37,2,376,mcts-100,11.0,2.0,mcts-5000,1,mcts-100,1,2,2,mcts-5000,mcts-5000,mcts-100,1
-906896864,GoFish,0,GAME_OVER,97,36,2,377,mcts-100,6.0,7.0,mcts-5000,2,mcts-100,2,1,1,mcts-5000,mcts-5000,mcts-100,0
1342710703,GoFish,0,GAME_OVER,103,36,2,378,mcts-100,3.0,10.0,mcts-5000,2,mcts-100,2,1,1,mcts-5000,mcts-5000,mcts-100,0
2046903153,GoFish,0,GAME_OVER,97,37,2,379,mcts-100,5.0,8.0,mcts-5000,2,mcts-100,2,1,1,mcts-5000,mcts-5000,mcts-100,0
-1086811407,GoFish,0,GAME_OVER,98,37,2,380,mcts-100,3.0,10.0,mcts-5000,2,mcts-100,2,1,1,mcts-5000,mcts-5000,mcts-100,0
744610857,GoFish,0,GAME_OVER,102,37,2,381,mcts-100,4.0,9.0,mcts-5000,2,mcts-100,2,1,1,mcts-5000,mcts-5000,mcts-100,0
1160790037,GoFish,0,GAME_OVER,104,39,2,382,mcts-100,5.0,8.0,OSLA,2,mcts-100,2,1,1,OSLA,OSLA,mcts-100,0
-1498142046,GoFish,0,GAME_OVER,104,36,2,383,mcts-100,8.0,5.0,OSLA,1,mcts-100,1,2,2,OSLA,OSLA,mcts-100,1
-418802376,GoFish,0,GAME_OVER,104,36,2,384,mcts-100,4.0,9.0,OSLA,2,mcts-100,2,1,1,OSLA,OSLA,mcts-100,0
-2052236361,GoFish,0,GAME_OVER,98,37,2,385,mcts-100,4.0,9.0,OSLA,2,mcts-100,2,1,1,OSLA,OSLA,mcts-100,0
890666145,GoFish,0,GAME_OVER,100,38,2,386,mcts-100,5.0,8.0,OSLA,2,mcts-100,2,1,1,OSLA,OSLA,mcts-100,0
1569238478,GoFish,0,GAME_OVER,103,39,2,387,mcts-100,3.0,10.0,OSLA,2,mcts-100,2,1,1,OSLA,OSLA,mcts-100,0
-187469389,GoFish,0,GAME_OVER,101,34,2,388,mcts-100,8.0,5.0,OSLA,1,mcts-100,1,2,2,OSLA,OSLA,mcts-100,1
-42752577,GoFish,0,GAME_OVER,103,37,2,389,mcts-100,4.0,9.0,OSLA,2,mcts-100,2,1,1,OSLA,OSLA,mcts-100,0
-1337774010,GoFish,0,GAME_OVER,100,38,2,390,mcts-100,7.0,6.0,OSLA,1,mcts-100,1,2,2,OSLA,OSLA,mcts-100,1
-721901013,GoFish,0,GAME_OVER,99,36,2,391,mcts-100,7.0,6.0,OSLA,1,mcts-100,1,2,2,OSLA,OSLA,mcts-100,1
1992352636,GoFish,0,GAME_OVER,101,34,2,392,mcts-100,7.0,6.0,OSLA,1,mcts-100,1,2,2,OSLA,OSLA,mcts-100,1
-2117472527,GoFish,0,GAME_OVER,98,39,2,393,mcts-100,4.0,9.0,OSLA,2,mcts-100,2,1,1,OSLA,OSLA,mcts-100,0
-1821004186,GoFish,0,GAME_OVER,98,36,2,394,mcts-100,2.0,11.0,OSLA,2,mcts-100,2,1,1,OSLA,OSLA,mcts-100,0
1026227815,GoFish,0,GAME_OVER,100,37,2,395,mcts-100,4.0,9.0,OSLA,2,mcts-100,2,1,1,OSLA,OSLA,mcts-100,0
-651141359,GoFish,0,GAME_OVER,103,38,2,396,mcts-100,5.0,8.0,OSLA,2,mcts-100,2,1,1,OSLA,OSLA,mcts-100,0
-906896864,GoFish,0,GAME_OVER,94,32,2,397,mcts-100,7.0,6.0,OSLA,1,mcts-100,1,2,2,OSLA,OSLA,mcts-100,1
1342710703,GoFish,0,GAME_OVER,99,36,2,398,mcts-100,5.0,8.0,OSLA,2,mcts-100,2,1,1,OSLA,OSLA,mcts-100,0
2046903153,GoFish,0,GAME_OVER,99,36,2,399,mcts-100,5.0,8.0,OSLA,2,mcts-100,2,1,1,OSLA,OSLA,mcts-100,0
-1086811407,GoFish,0,GAME_OVER,101,39,2,400,mcts-100,4.0,9.0,OSLA,2,mcts-100,2,1,1,OSLA,OSLA,mcts-100,0
744610857,GoFish,0,GAME_OVER,96,33,2,401,mcts-100,4.0,9.0,OSLA,2,mcts-100,2,1,1,OSLA,OSLA,mcts-100,0
1160790037,GoFish,0,GAME_OVER,97,33,2,402,mcts-5000,8.0,5.0,mcts-500,1,mcts-5000,1,2,2,mcts-500,mcts-500,mcts-5000,1
-1498142046,GoFish,0,GAME_OVER,104,37,2,403,mcts-5000,6.0,7.0,mcts-500,2,mcts-5000,2,1,1,mcts-500,mcts-500,mcts-5000,0
-418802376,GoFish,0,GAME_OVER,97,37,2,404,mcts-5000,4.0,9.0,mcts-500,2,mcts-5000,2,1,1,mcts-500,mcts-500,mcts-5000,0
-2052236361,GoFish,0,GAME_OVER,104,36,2,405,mcts-5000,3.0,10.0,mcts-500,2,mcts-5000,2,1,1,mcts-500,mcts-500,mcts-5000,0
890666145,GoFish,0,GAME_OVER,98,38,2,406,mcts-5000,7.0,6.0,mcts-500,1,mcts-5000,1,2,2,mcts-500,mcts-500,mcts-5000,1
1569238478,GoFish,0,GAME_OVER,101,36,2,407,mcts-5000,9.0,4.0,mcts-500,1,mcts-5000,1,2,2,mcts-500,mcts-500,mcts-5000,1
-187469389,GoFish,0,GAME_OVER,99,37,2,408,mcts-5000,8.0,5.0,mcts-500,1,mcts-5000,1,2,2,mcts-500,mcts-500,mcts-5000,1
-42752577,GoFish,0,GAME_OVER,97,37,2,409,mcts-5000,8.0,5.0,mcts-500,1,mcts-5000,1,2,2,mcts-500,mcts-500,mcts-5000,1
-1337774010,GoFish,0,GAME_OVER,102,36,2,410,mcts-5000,8.0,5.0,mcts-500,1,mcts-5000,1,2,2,mcts-500,mcts-500,mcts-5000,1
-721901013,GoFish,0,GAME_OVER,104,40,2,411,mcts-5000,5.0,8.0,mcts-500,2,mcts-5000,2,1,1,mcts-500,mcts-500,mcts-5000,0
1992352636,GoFish,0,GAME_OVER,99,36,2,412,mcts-5000,6.0,7.0,mcts-500,2,mcts-5000,2,1,1,mcts-500,mcts-500,mcts-5000,0
-2117472527,GoFish,0,GAME_OVER,103,35,2,413,mcts-5000,8.0,5.0,mcts-500,1,mcts-5000,1,2,2,mcts-500,mcts-500,mcts-5000,1
-1821004186,GoFish,0,GAME_OVER,104,37,2,414,mcts-5000,8.0,5.0,mcts-500,1,mcts-5000,1,2,2,mcts-500,mcts-500,mcts-5000,1
1026227815,GoFish,0,GAME_OVER,97,37,2,415,mcts-5000,6.0,7.0,mcts-500,2,mcts-5000,2,1,1,mcts-500,mcts-500,mcts-5000,0
-651141359,GoFish,0,GAME_OVER,100,37,2,416,mcts-5000,7.0,6.0,mcts-500,1,mcts-5000,1,2,2,mcts-500,mcts-500,mcts-5000,1
-906896864,GoFish,0,GAME_OVER,104,39,2,417,mcts-5000,8.0,5.0,mcts-500,1,mcts-5000,1,2,2,mcts-500,mcts-500,mcts-5000,1
1342710703,GoFish,0,GAME_OVER,105,37,2,418,mcts-5000,6.0,7.0,mcts-500,2,mcts-5000,2,1,1,mcts-500,mcts-500,mcts-5000,0
2046903153,GoFish,0,GAME_OVER,104,35,2,419,mcts-5000,7.0,6.0,mcts-500,1,mcts-5000,1,2,2,mcts-500,mcts-500,mcts-5000,1
-1086811407,GoFish,0,GAME_OVER,98,36,2,420,mcts-5000,8.0,5.0,mcts-500,1,mcts-5000,1,2,2,mcts-500,mcts-500,mcts-5000,1
744610857,GoFish,0,GAME_OVER,102,37,2,421,mcts-5000,7.0,6.0,mcts-500,1,mcts-5000,1,2,2,mcts-500,mcts-500,mcts-5000,1
1160790037,GoFish,0,GAME_OVER,103,41,2,422,mcts-5000,5.0,8.0,mcts-1000,2,mcts-5000,2,1,1,mcts-1000,mcts-1000,mcts-5000,0
-1498142046,GoFish,0,GAME_OVER,99,36,2,423,mcts-5000,7.0,6.0,mcts-1000,1,mcts-5000,1,2,2,mcts-1000,mcts-1000,mcts-5000,1
-418802376,GoFish,0,GAME_OVER,105,35,2,424,mcts-5000,5.0,8.0,mcts-1000,2,mcts-5000,2,1,1,mcts-1000,mcts-1000,mcts-5000,0
-2052236361,GoFish,0,GAME_OVER,102,37,2,425,mcts-5000,7.0,6.0,mcts-1000,1,mcts-5000,1,2,2,mcts-1000,mcts-1000,mcts-5000,1
890666145,GoFish,0,GAME_OVER,99,37,2,426,mcts-5000,7.0,6.0,mcts-1000,1,mcts-5000,1,2,2,mcts-1000,mcts-1000,mcts-5000,1
1569238478,GoFish,0,GAME_OVER,100,35,2,427,mcts-5000,6.0,7.0,mcts-1000,2,mcts-5000,2,1,1,mcts-1000,mcts-1000,mcts-5000,0
-187469389,GoFish,0,GAME_OVER,102,34,2,428,mcts-5000,7.0,6.0,mcts-1000,1,mcts-5000,1,2,2,mcts-1000,mcts-1000,mcts-5000,1
-42752577,GoFish,0,GAME_OVER,100,37,2,429,mcts-5000,6.0,7.0,mcts-1000,2,mcts-5000,2,1,1,mcts-1000,mcts-1000,mcts-5000,0
-1337774010,GoFish,0,GAME_OVER,102,38,2,430,mcts-5000,8.0,5.0,mcts-1000,1,mcts-5000,1,2,2,mcts-1000,mcts-1000,mcts-5000,1
-721901013,GoFish,0,GAME_OVER,103,38,2,431,mcts-5000,8.0,5.0,mcts-1000,1,mcts-5000,1,2,2,mcts-1000,mcts-1000,mcts-5000,1
1992352636,GoFish,0,GAME_OVER,99,36,2,432,mcts-5000,5.0,8.0,mcts-1000,2,mcts-5000,2,1,1,mcts-1000,mcts-1000,mcts-5000,0
-2117472527,GoFish,0,GAME_OVER,103,36,2,433,mcts-5000,10.0,3.0,mcts-1000,1,mcts-5000,1,2,2,mcts-1000,mcts-1000,mcts-5000,1
-1821004186,GoFish,0,GAME_OVER,97,35,2,434,mcts-5000,6.0,7.0,mcts-1000,2,mcts-5000,2,1,1,mcts-1000,mcts-1000,mcts-5000,0
1026227815,GoFish,0,GAME_OVER,96,36,2,435,mcts-5000,7.0,6.0,mcts-1000,1,mcts-5000,1,2,2,mcts-1000,mcts-1000,mcts-5000,1
-651141359,GoFish,0,GAME_OVER,99,36,2,436,mcts-5000,7.0,6.0,mcts-1000,1,mcts-5000,1,2,2,mcts-1000,mcts-1000,mcts-5000,1
-906896864,GoFish,0,GAME_OVER,98,36,2,437,mcts-5000,7.0,6.0,mcts-1000,1,mcts-5000,1,2,2,mcts-1000,mcts-1000,mcts-5000,1
1342710703,GoFish,0,GAME_OVER,99,34,2,438,mcts-5000,4.0,9.0,mcts-1000,2,mcts-5000,2,1,1,mcts-1000,mcts-1000,mcts-5000,0
2046903153,GoFish,0,GAME_OVER,98,33,2,439,mcts-5000,8.0,5.0,mcts-1000,1,mcts-5000,1,2,2,mcts-1000,mcts-1000,mcts-5000,1
-1086811407,GoFish,0,GAME_OVER,102,38,2,440,mcts-5000,3.0,10.0,mcts-1000,2,mcts-5000,2,1,1,mcts-1000,mcts-1000,mcts-5000,0
744610857,GoFish,0,GAME_OVER,101,35,2,441,mcts-5000,4.0,9.0,mcts-1000,2,mcts-5000,2,1,1,mcts-1000,mcts-1000,mcts-5000,0
1160790037,GoFish,0,GAME_OVER,100,35,2,442,mcts-5000,4.0,9.0,random,2,mcts-5000,2,1,1,random,random,mcts-5000,0
-1498142046,GoFish,0,GAME_OVER,101,38,2,443,mcts-5000,9.0,4.0,random,1,mcts-5000,1,2,2,random,random,mcts-5000,1
-418802376,GoFish,0,GAME_OVER,99,39,2,444,mcts-5000,5.0,8.0,random,2,mcts-5000,2,1,1,random,random,mcts-5000,0
-2052236361,GoFish,0,GAME_OVER,104,38,2,445,mcts-5000,5.0,8.0,random,2,mcts-5000,2,1,1,random,random,mcts-5000,0
890666145,GoFish,0,GAME_OVER,103,38,2,446,mcts-5000,6.0,7.0,random,2,mcts-5000,2,1,1,random,random,mcts-5000,0
1569238478,GoFish,0,GAME_OVER,104,39,2,447,mcts-5000,5.0,8.0,random,2,mcts-5000,2,1,1,random,random,mcts-5000,0
-187469389,GoFish,0,GAME_OVER,97,38,2,448,mcts-5000,7.0,6.0,random,1,mcts-5000,1,2,2,random,random,mcts-5000,1
-42752577,GoFish,0,GAME_OVER,105,39,2,449,mcts-5000,4.0,9.0,random,2,mcts-5000,2,1,1,random,random,mcts-5000,0
-1337774010,GoFish,0,GAME_OVER,105,38,2,450,mcts-5000,7.0,6.0,random,1,mcts-5000,1,2,2,random,random,mcts-5000,1
-721901013,GoFish,0,GAME_OVER,100,38,2,451,mcts-5000,9.0,4.0,random,1,mcts-5000,1,2,2,random,random,mcts-5000,1
1992352636,GoFish,0,GAME_OVER,97,37,2,452,mcts-5000,7.0,6.0,random,1,mcts-5000,1,2,2,random,random,mcts-5000,1
-2117472527,GoFish,0,GAME_OVER,97,36,2,453,mcts-5000,6.0,7.0,random,2,mcts-5000,2,1,1,random,random,mcts-5000,0
-1821004186,GoFish,0,GAME_OVER,104,38,2,454,mcts-5000,6.0,7.0,random,2,mcts-5000,2,1,1,random,random,mcts-5000,0
1026227815,GoFish,0,GAME_OVER,96,32,2,455,mcts-5000,9.0,4.0,random,1,mcts-5000,1,2,2,random,random,mcts-5000,1
-651141359,GoFish,0,GAME_OVER,100,37,2,456,mcts-5000,8.0,5.0,random,1,mcts-5000,1,2,2,random,random,mcts-5000,1
-906896864,GoFish,0,GAME_OVER,99,38,2,457,mcts-5000,6.0,7.0,random,2,mcts-5000,2,1,1,random,random,mcts-5000,0
1342710703,GoFish,0,GAME_OVER,99,36,2,458,mcts-5000,2.0,11.0,random,2,mcts-5000,2,1,1,random,random,mcts-5000,0
2046903153,GoFish,0,GAME_OVER,100,39,2,459,mcts-5000,8.0,5.0,random,1,mcts-5000,1,2,2,random,random,mcts-5000,1
-1086811407,GoFish,0,GAME_OVER,99,34,2,460,mcts-5000,7.0,6.0,random,1,mcts-5000,1,2,2,random,random,mcts-5000,1
744610857,GoFish,0,GAME_OVER,104,38,2,461,mcts-5000,4.0,9.0,random,2,mcts-5000,2,1,1,random,random,mcts-5000,0
1160790037,GoFish,0,GAME_OVER,99,35,2,462,mcts-5000,6.0,7.0,mcts-100,2,mcts-5000,2,1,1,mcts-100,mcts-100,mcts-5000,0
-1498142046,GoFish,0,GAME_OVER,105,39,2,463,mcts-5000,8.0,5.0,mcts-100,1,mcts-5000,1,2,2,mcts-100,mcts-100,mcts-5000,1
-418802376,GoFish,0,GAME_OVER,94,35,2,464,mcts-5000,8.0,5.0,mcts-100,1,mcts-5000,1,2,2,mcts-100,mcts-100,mcts-5000,1
-2052236361,GoFish,0,GAME_OVER,101,37,2,465,mcts-5000,8.0,5.0,mcts-100,1,mcts-5000,1,2,2,mcts-100,mcts-100,mcts-5000,1
890666145,GoFish,0,GAME_OVER,101,36,2,466,mcts-5000,7.0,6.0,mcts-100,1,mcts-5000,1,2,2,mcts-100,mcts-100,mcts-5000,1
1569238478,GoFish,0,GAME_OVER,100,38,2,467,mcts-5000,6.0,7.0,mcts-100,2,mcts-5000,2,1,1,mcts-100,mcts-100,mcts-5000,0
-187469389,GoFish,0,GAME_OVER,100,38,2,468,mcts-5000,7.0,6.0,mcts-100,1,mcts-5000,1,2,2,mcts-100,mcts-100,mcts-5000,1
-42752577,GoFish,0,GAME_OVER,104,36,2,469,mcts-5000,7.0,6.0,mcts-100,1,mcts-5000,1,2,2,mcts-100,mcts-100,mcts-5000,1
-1337774010,GoFish,0,GAME_OVER,103,38,2,470,mcts-5000,5.0,8.0,mcts-100,2,mcts-5000,2,1,1,mcts-100,mcts-100,mcts-5000,0
-721901013,GoFish,0,GAME_OVER,104,38,2,471,mcts-5000,7.0,6.0,mcts-100,1,mcts-5000,1,2,2,mcts-100,mcts-100,mcts-5000,1
1992352636,GoFish,0,GAME_OVER,102,39,2,472,mcts-5000,8.0,5.0,mcts-100,1,mcts-5000,1,2,2,mcts-100,mcts-100,mcts-5000,1
-2117472527,GoFish,0,GAME_OVER,99,40,2,473,mcts-5000,6.0,7.0,mcts-100,2,mcts-5000,2,1,1,mcts-100,mcts-100,mcts-5000,0
-1821004186,GoFish,0,GAME_OVER,98,37,2,474,mcts-5000,6.0,7.0,mcts-100,2,mcts-5000,2,1,1,mcts-100,mcts-100,mcts-5000,0
1026227815,GoFish,0,GAME_OVER,97,38,2,475,mcts-5000,8.0,5.0,mcts-100,1,mcts-5000,1,2,2,mcts-100,mcts-100,mcts-5000,1
-651141359,GoFish,0,GAME_OVER,98,38,2,476,mcts-5000,9.0,4.0,mcts-100,1,mcts-5000,1,2,2,mcts-100,mcts-100,mcts-5000,1
-906896864,GoFish,0,GAME_OVER,99,36,2,477,mcts-5000,8.0,5.0,mcts-100,1,mcts-5000,1,2,2,mcts-100,mcts-100,mcts-5000,1
1342710703,GoFish,0,GAME_OVER,104,39,2,478,mcts-5000,5.0,8.0,mcts-100,2,mcts-5000,2,1,1,mcts-100,mcts-100,mcts-5000,0
2046903153,GoFish,0,GAME_OVER,98,35,2,479,mcts-5000,7.0,6.0,mcts-100,1,mcts-5000,1,2,2,mcts-100,mcts-100,mcts-5000,1
-1086811407,GoFish,0,GAME_OVER,106,37,2,480,mcts-5000,7.0,6.0,mcts-100,1,mcts-5000,1,2,2,mcts-100,mcts-100,mcts-5000,1
744610857,GoFish,0,GAME_OVER,103,35,2,481,mcts-5000,7.0,6.0,mcts-100,1,mcts-5000,1,2,2,mcts-100,mcts-100,mcts-5000,1
1160790037,GoFish,0,GAME_OVER,104,40,2,482,mcts-5000,7.0,6.0,OSLA,1,mcts-5000,1,2,2,OSLA,OSLA,mcts-5000,1
-1498142046,GoFish,0,GAME_OVER,101,36,2,483,mcts-5000,8.0,5.0,OSLA,1,mcts-5000,1,2,2,OSLA,OSLA,mcts-5000,1
-418802376,GoFish,0,GAME_OVER,96,35,2,484,mcts-5000,5.0,8.0,OSLA,2,mcts-5000,2,1,1,OSLA,OSLA,mcts-5000,0
-2052236361,GoFish,0,GAME_OVER,103,35,2,485,mcts-5000,6.0,7.0,OSLA,2,mcts-5000,2,1,1,OSLA,OSLA,mcts-5000,0
890666145,GoFish,0,GAME_OVER,102,40,2,486,mcts-5000,6.0,7.0,OSLA,2,mcts-5000,2,1,1,OSLA,OSLA,mcts-5000,0
1569238478,GoFish,0,GAME_OVER,101,36,2,487,mcts-5000,5.0,8.0,OSLA,2,mcts-5000,2,1,1,OSLA,OSLA,mcts-5000,0
-187469389,GoFish,0,GAME_OVER,100,37,2,488,mcts-5000,4.0,9.0,OSLA,2,mcts-5000,2,1,1,OSLA,OSLA,mcts-5000,0
-42752577,GoFish,0,GAME_OVER,102,39,2,489,mcts-5000,8.0,5.0,OSLA,1,mcts-5000,1,2,2,OSLA,OSLA,mcts-5000,1
-1337774010,GoFish,0,GAME_OVER,104,40,2,490,mcts-5000,5.0,8.0,OSLA,2,mcts-5000,2,1,1,OSLA,OSLA,mcts-5000,0
-721901013,GoFish,0,GAME_OVER,102,34,2,491,mcts-5000,5.0,8.0,OSLA,2,mcts-5000,2,1,1,OSLA,OSLA,mcts-5000,0
1992352636,GoFish,0,GAME_OVER,98,36,2,492,mcts-5000,5.0,8.0,OSLA,2,mcts-5000,2,1,1,OSLA,OSLA,mcts-5000,0
-2117472527,GoFish,0,GAME_OVER,101,35,2,493,mcts-5000,5.0,8.0,OSLA,2,mcts-5000,2,1,1,OSLA,OSLA,mcts-5000,0
-1821004186,GoFish,0,GAME_OVER,103,35,2,494,mcts-5000,7.0,6.0,OSLA,1,mcts-5000,1,2,2,OSLA,OSLA,mcts-5000,1
1026227815,GoFish,0,GAME_OVER,103,35,2,495,mcts-5000,5.0,8.0,OSLA,2,mcts-5000,2,1,1,OSLA,OSLA,mcts-5000,0
-651141359,GoFish,0,GAME_OVER,101,40,2,496,mcts-5000,8.0,5.0,OSLA,1,mcts-5000,1,2,2,OSLA,OSLA,mcts-5000,1
-906896864,GoFish,0,GAME_OVER,99,38,2,497,mcts-5000,6.0,7.0,OSLA,2,mcts-5000,2,1,1,OSLA,OSLA,mcts-5000,0
1342710703,GoFish,0,GAME_OVER,101,38,2,498,mcts-5000,5.0,8.0,OSLA,2,mcts-5000,2,1,1,OSLA,OSLA,mcts-5000,0
2046903153,GoFish,0,GAME_OVER,99,38,2,499,mcts-5000,5.0,8.0,OSLA,2,mcts-5000,2,1,1,OSLA,OSLA,mcts-5000,0
-1086811407,GoFish,0,GAME_OVER,101,38,2,500,mcts-5000,3.0,10.0,OSLA,2,mcts-5000,2,1,1,OSLA,OSLA,mcts-5000,0
744610857,GoFish,0,GAME_OVER,98,39,2,501,mcts-5000,6.0,7.0,OSLA,2,mcts-5000,2,1,1,OSLA,OSLA,mcts-5000,0
1160790037,GoFish,0,GAME_OVER,103,40,2,502,OSLA,8.0,5.0,mcts-500,1,OSLA,1,2,2,mcts-500,mcts-500,OSLA,1
-1498142046,GoFish,0,GAME_OVER,99,39,2,503,OSLA,6.0,7.0,mcts-500,2,OSLA,2,1,1,mcts-500,mcts-500,OSLA,0
-418802376,GoFish,0,GAME_OVER,105,39,2,504,OSLA,7.0,6.0,mcts-500,1,OSLA,1,2,2,mcts-500,mcts-500,OSLA,1
-2052236361,GoFish,0,GAME_OVER,104,41,2,505,OSLA,9.0,4.0,mcts-500,1,OSLA,1,2,2,mcts-500,mcts-500,OSLA,1
890666145,GoFish,0,GAME_OVER,99,35,2,506,OSLA,8.0,5.0,mcts-500,1,OSLA,1,2,2,mcts-500,mcts-500,OSLA,1
1569238478,GoFish,0,GAME_OVER,99,37,2,507,OSLA,5.0,8.0,mcts-500,2,OSLA,2,1,1,mcts-500,mcts-500,OSLA,0
-187469389,GoFish,0,GAME_OVER,102,42,2,508,OSLA,9.0,4.0,mcts-500,1,OSLA,1,2,2,mcts-500,mcts-500,OSLA,1
-42752577,GoFish,0,GAME_OVER,99,37,2,509,OSLA,8.0,5.0,mcts-500,1,OSLA,1,2,2,mcts-500,mcts-500,OSLA,1
-1337774010,GoFish,0,GAME_OVER,102,37,2,510,OSLA,7.0,6.0,mcts-500,1,OSLA,1,2,2,mcts-500,mcts-500,OSLA,1
-721901013,GoFish,0,GAME_OVER,103,37,2,511,OSLA,9.0,4.0,mcts-500,1,OSLA,1,2,2,mcts-500,mcts-500,OSLA,1
1992352636,GoFish,0,GAME_OVER,99,39,2,512,OSLA,7.0,6.0,mcts-500,1,OSLA,1,2,2,mcts-500,mcts-500,OSLA,1
-2117472527,GoFish,0,GAME_OVER,98,38,2,513,OSLA,7.0,6.0,mcts-500,1,OSLA,1,2,2,mcts-500,mcts-500,OSLA,1
-1821004186,GoFish,0,GAME_OVER,100,36,2,514,OSLA,8.0,5.0,mcts-500,1,OSLA,1,2,2,mcts-500,mcts-500,OSLA,1
1026227815,GoFish,0,GAME_OVER,101,38,2,515,OSLA,9.0,4.0,mcts-500,1,OSLA,1,2,2,mcts-500,mcts-500,OSLA,1
-651141359,GoFish,0,GAME_OVER,101,38,2,516,OSLA,7.0,6.0,mcts-500,1,OSLA,1,2,2,mcts-500,mcts-500,OSLA,1
-906896864,GoFish,0,GAME_OVER,101,38,2,517,OSLA,7.0,6.0,mcts-500,1,OSLA,1,2,2,mcts-500,mcts-500,OSLA,1
1342710703,GoFish,0,GAME_OVER,101,37,2,518,OSLA,10.0,3.0,mcts-500,1,OSLA,1,2,2,mcts-500,mcts-500,OSLA,1
2046903153,GoFish,0,GAME_OVER,104,39,2,519,OSLA,9.0,4.0,mcts-500,1,OSLA,1,2,2,mcts-500,mcts-500,OSLA,1
-1086811407,GoFish,0,GAME_OVER,100,41,2,520,OSLA,4.0,9.0,mcts-500,2,OSLA,2,1,1,mcts-500,mcts-500,OSLA,0
744610857,GoFish,0,GAME_OVER,102,39,2,521,OSLA,7.0,6.0,mcts-500,1,OSLA,1,2,2,mcts-500,mcts-500,OSLA,1
1160790037,GoFish,0,GAME_OVER,104,39,2,522,OSLA,6.0,7.0,mcts-1000,2,OSLA,2,1,1,mcts-1000,mcts-1000,OSLA,0
-1498142046,GoFish,0,GAME_OVER,103,38,2,523,OSLA,10.0,3.0,mcts-1000,1,OSLA,1,2,2,mcts-1000,mcts-1000,OSLA,1
-418802376,GoFish,0,GAME_OVER,97,37,2,524,OSLA,4.0,9.0,mcts-1000,2,OSLA,2,1,1,mcts-1000,mcts-1000,OSLA,0
-2052236361,GoFish,0,GAME_OVER,99,38,2,525,OSLA,9.0,4.0,mcts-1000,1,OSLA,1,2,2,mcts-1000,mcts-1000,OSLA,1
890666145,GoFish,0,GAME_OVER,99,37,2,526,OSLA,7.0,6.0,mcts-1000,1,OSLA,1,2,2,mcts-1000,mcts-1000,OSLA,1
1569238478,GoFish,0,GAME_OVER,103,37,2,527,OSLA,6.0,7.0,mcts-1000,2,OSLA,2,1,1,mcts-1000,mcts-1000,OSLA,0
-187469389,GoFish,0,GAME_OVER,98,36,2,528,OSLA,8.0,5.0,mcts-1000,1,OSLA,1,2,2,mcts-1000,mcts-1000,OSLA,1
-42752577,GoFish,0,GAME_OVER,104,38,2,529,OSLA,7.0,6.0,mcts-1000,1,OSLA,1,2,2,mcts-1000,mcts-1000,OSLA,1
-1337774010,GoFish,0,GAME_OVER,102,39,2,530,OSLA,7.0,6.0,mcts-1000,1,OSLA,1,2,2,mcts-1000,mcts-1000,OSLA,1
-721901013,GoFish,0,GAME_OVER,101,39,2,531,OSLA,5.0,8.0,mcts-1000,2,OSLA,2,1,1,mcts-1000,mcts-1000,OSLA,0
1992352636,GoFish,0,GAME_OVER,101,36,2,532,OSLA,8.0,5.0,mcts-1000,1,OSLA,1,2,2,mcts-1000,mcts-1000,OSLA,1
-2117472527,GoFish,0,GAME_OVER,99,36,2,533,OSLA,8.0,5.0,mcts-1000,1,OSLA,1,2,2,mcts-1000,mcts-1000,OSLA,1
-1821004186,GoFish,0,GAME_OVER,99,37,2,534,OSLA,8.0,5.0,mcts-1000,1,OSLA,1,2,2,mcts-1000,mcts-1000,OSLA,1
1026227815,GoFish,0,GAME_OVER,97,36,2,535,OSLA,6.0,7.0,mcts-1000,2,OSLA,2,1,1,mcts-1000,mcts-1000,OSLA,0
-651141359,GoFish,0,GAME_OVER,100,37,2,536,OSLA,5.0,8.0,mcts-1000,2,OSLA,2,1,1,mcts-1000,mcts-1000,OSLA,0
-906896864,GoFish,0,GAME_OVER,104,41,2,537,OSLA,8.0,5.0,mcts-1000,1,OSLA,1,2,2,mcts-1000,mcts-1000,OSLA,1
1342710703,GoFish,0,GAME_OVER,102,41,2,538,OSLA,10.0,3.0,mcts-1000,1,OSLA,1,2,2,mcts-1000,mcts-1000,OSLA,1
2046903153,GoFish,0,GAME_OVER,102,39,2,539,OSLA,7.0,6.0,mcts-1000,1,OSLA,1,2,2,mcts-1000,mcts-1000,OSLA,1
-1086811407,GoFish,0,GAME_OVER,100,38,2,540,OSLA,9.0,4.0,mcts-1000,1,OSLA,1,2,2,mcts-1000,mcts-1000,OSLA,1
744610857,GoFish,0,GAME_OVER,102,39,2,541,OSLA,7.0,6.0,mcts-1000,1,OSLA,1,2,2,mcts-1000,mcts-1000,OSLA,1
1160790037,GoFish,0,GAME_OVER,101,38,2,542,OSLA,9.0,4.0,random,1,OSLA,1,2,2,random,random,OSLA,1
-1498142046,GoFish,0,GAME_OVER,102,36,2,543,OSLA,8.0,5.0,random,1,OSLA,1,2,2,random,random,OSLA,1
-418802376,GoFish,0,GAME_OVER,98,37,2,544,OSLA,5.0,8.0,random,2,OSLA,2,1,1,random,random,OSLA,0
-2052236361,GoFish,0,GAME_OVER,101,37,2,545,OSLA,8.0,5.0,random,1,OSLA,1,2,2,random,random,OSLA,1
890666145,GoFish,0,GAME_OVER,101,38,2,546,OSLA,9.0,4.0,random,1,OSLA,1,2,2,random,random,OSLA,1
1569238478,GoFish,0,GAME_OVER,106,39,2,547,OSLA,7.0,6.0,random,1,OSLA,1,2,2,random,random,OSLA,1
-187469389,GoFish,0,GAME_OVER,98,35,2,548,OSLA,7.0,6.0,random,1,OSLA,1,2,2,random,random,OSLA,1
-42752577,GoFish,0,GAME_OVER,103,33,2,549,OSLA,8.0,5.0,random,1,OSLA,1,2,2,random,random,OSLA,1
-1337774010,GoFish,0,GAME_OVER,105,41,2,550,OSLA,9.0,4.0,random,1,OSLA,1,2,2,random,random,OSLA,1
-721901013,GoFish,0,GAME_OVER,99,37,2,551,OSLA,5.0,8.0,random,2,OSLA,2,1,1,random,random,OSLA,0
1992352636,GoFish,0,GAME_OVER,101,38,2,552,OSLA,9.0,4.0,random,1,OSLA,1,2,2,random,random,OSLA,1
-2117472527,GoFish,0,GAME_OVER,102,37,2,553,OSLA,4.0,9.0,random,2,OSLA,2,1,1,random,random,OSLA,0
-1821004186,GoFish,0,GAME_OVER,102,36,2,554,OSLA,6.0,7.0,random,2,OSLA,2,1,1,random,random,OSLA,0
1026227815,GoFish,0,GAME_OVER,97,38,2,555,OSLA,8.0,5.0,random,1,OSLA,1,2,2,random,random,OSLA,1
-651141359,GoFish,0,GAME_OVER,100,39,2,556,OSLA,10.0,3.0,random,1,OSLA,1,2,2,random,random,OSLA,1
-906896864,GoFish,0,GAME_OVER,100,40,2,557,OSLA,8.0,5.0,random,1,OSLA,1,2,2,random,random,OSLA,1
1342710703,GoFish,0,GAME_OVER,106,39,2,558,OSLA,9.0,4.0,random,1,OSLA,1,2,2,random,random,OSLA,1
2046903153,GoFish,0,GAME_OVER,102,38,2,559,OSLA,7.0,6.0,random,1,OSLA,1,2,2,random,random,OSLA,1
-1086811407,GoFish,0,GAME_OVER,98,37,2,560,OSLA,7.0,6.0,random,1,OSLA,1,2,2,random,random,OSLA,1
744610857,GoFish,0,GAME_OVER,103,40,2,561,OSLA,6.0,7.0,random,2,OSLA,2,1,1,random,random,OSLA,0
1160790037,GoFish,0,GAME_OVER,96,36,2,562,OSLA,8.0,5.0,mcts-100,1,OSLA,1,2,2,mcts-100,mcts-100,OSLA,1
-1498142046,GoFish,0,GAME_OVER,102,37,2,563,OSLA,7.0,6.0,mcts-100,1,OSLA,1,2,2,mcts-100,mcts-100,OSLA,1
-418802376,GoFish,0,GAME_OVER,99,39,2,564,OSLA,9.0,4.0,mcts-100,1,OSLA,1,2,2,mcts-100,mcts-100,OSLA,1
-2052236361,GoFish,0,GAME_OVER,103,41,2,565,OSLA,9.0,4.0,mcts-100,1,OSLA,1,2,2,mcts-100,mcts-100,OSLA,1
890666145,GoFish,0,GAME_OVER,104,38,2,566,OSLA,11.0,2.0,mcts-100,1,OSLA,1,2,2,mcts-100,mcts-100,OSLA,1
1569238478,GoFish,0,GAME_OVER,100,33,2,567,OSLA,5.0,8.0,mcts-100,2,OSLA,2,1,1,mcts-100,mcts-100,OSLA,0
-187469389,GoFish,0,GAME_OVER,102,37,2,568,OSLA,8.0,5.0,mcts-100,1,OSLA,1,2,2,mcts-100,mcts-100,OSLA,1
-42752577,GoFish,0,GAME_OVER,97,35,2,569,OSLA,9.0,4.0,mcts-100,1,OSLA,1,2,2,mcts-100,mcts-100,OSLA,1
-1337774010,GoFish,0,GAME_OVER,101,35,2,570,OSLA,9.0,4.0,mcts-100,1,OSLA,1,2,2,mcts-100,mcts-100,OSLA,1
-721901013,GoFish,0,GAME_OVER,96,34,2,571,OSLA,6.0,7.0,mcts-100,2,OSLA,2,1,1,mcts-100,mcts-100,OSLA,0
1992352636,GoFish,0,GAME_OVER,97,37,2,572,OSLA,8.0,5.0,mcts-100,1,OSLA,1,2,2,mcts-100,mcts-100,OSLA,1
-2117472527,GoFish,0,GAME_OVER,98,39,2,573,OSLA,6.0,7.0,mcts-100,2,OSLA,2,1,1,mcts-100,mcts-100,OSLA,0
-1821004186,GoFish,0,GAME_OVER,95,32,2,574,OSLA,5.0,8.0,mcts-100,2,OSLA,2,1,1,mcts-100,mcts-100,OSLA,0
1026227815,GoFish,0,GAME_OVER,97,37,2,575,OSLA,8.0,5.0,mcts-100,1,OSLA,1,2,2,mcts-100,mcts-100,OSLA,1
-651141359,GoFish,0,GAME_OVER,101,36,2,576,OSLA,8.0,5.0,mcts-100,1,OSLA,1,2,2,mcts-100,mcts-100,OSLA,1
-906896864,GoFish,0,GAME_OVER,102,38,2,577,OSLA,9.0,4.0,mcts-100,1,OSLA,1,2,2,mcts-100,mcts-100,OSLA,1
1342710703,GoFish,0,GAME_OVER,101,35,2,578,OSLA,10.0,3.0,mcts-100,1,OSLA,1,2,2,mcts-100,mcts-100,OSLA,1
2046903153,GoFish,0,GAME_OVER,97,35,2,579,OSLA,8.0,5.0,mcts-100,1,OSLA,1,2,2,mcts-100,mcts-100,OSLA,1
-1086811407,GoFish,0,GAME_OVER,102,40,2,580,OSLA,8.0,5.0,mcts-100,1,OSLA,1,2,2,mcts-100,mcts-100,OSLA,1
744610857,GoFish,0,GAME_OVER,102,37,2,581,OSLA,3.0,10.0,mcts-100,2,OSLA,2,1,1,mcts-100,mcts-100,OSLA,0
1160790037,GoFish,0,GAME_OVER,100,37,2,582,OSLA,8.0,5.0,mcts-5000,1,OSLA,1,2,2,mcts-5000,mcts-5000,OSLA,1
-1498142046,GoFish,0,GAME_OVER,98,37,2,583,OSLA,7.0,6.0,mcts-5000,1,OSLA,1,2,2,mcts-5000,mcts-5000,OSLA,1
-418802376,GoFish,0,GAME_OVER,93,37,2,584,OSLA,9.0,4.0,mcts-5000,1,OSLA,1,2,2,mcts-5000,mcts-5000,OSLA,1
-2052236361,GoFish,0,GAME_OVER,101,37,2,585,OSLA,10.0,3.0,mcts-5000,1,OSLA,1,2,2,mcts-5000,mcts-5000,OSLA,1
890666145,GoFish,0,GAME_OVER,98,36,2,586,OSLA,11.0,2.0,mcts-5000,1,OSLA,1,2,2,mcts-5000,mcts-5000,OSLA,1
1569238478,GoFish,0,GAME_OVER,100,39,2,587,OSLA,6.0,7.0,mcts-5000,2,OSLA,2,1,1,mcts-5000,mcts-5000,OSLA,0
-187469389,GoFish,0,GAME_OVER,96,38,2,588,OSLA,9.0,4.0,mcts-5000,1,OSLA,1,2,2,mcts-5000,mcts-5000,OSLA,1
-42752577,GoFish,0,GAME_OVER,104,35,2,589,OSLA,7.0,6.0,mcts-5000,1,OSLA,1,2,2,mcts-5000,mcts-5000,OSLA,1
-1337774010,GoFish,0,GAME_OVER,105,39,2,590,OSLA,7.0,6.0,mcts-5000,1,OSLA,1,2,2,mcts-5000,mcts-5000,OSLA,1
-721901013,GoFish,0,GAME_OVER,101,37,2,591,OSLA,7.0,6.0,mcts-5000,1,OSLA,1,2,2,mcts-5000,mcts-5000,OSLA,1
1992352636,GoFish,0,GAME_OVER,100,37,2,592,OSLA,7.0,6.0,mcts-5000,1,OSLA,1,2,2,mcts-5000,mcts-5000,OSLA,1
-2117472527,GoFish,0,GAME_OVER,99,39,2,593,OSLA,10.0,3.0,mcts-5000,1,OSLA,1,2,2,mcts-5000,mcts-5000,OSLA,1
-1821004186,GoFish,0,GAME_OVER,101,39,2,594,OSLA,10.0,3.0,mcts-5000,1,OSLA,1,2,2,mcts-5000,mcts-5000,OSLA,1
1026227815,GoFish,0,GAME_OVER,100,36,2,595,OSLA,9.0,4.0,mcts-5000,1,OSLA,1,2,2,mcts-5000,mcts-5000,OSLA,1
-651141359,GoFish,0,GAME_OVER,102,39,2,596,OSLA,10.0,3.0,mcts-5000,1,OSLA,1,2,2,mcts-5000,mcts-5000,OSLA,1
-906896864,GoFish,0,GAME_OVER,104,40,2,597,OSLA,9.0,4.0,mcts-5000,1,OSLA,1,2,2,mcts-5000,mcts-5000,OSLA,1
1342710703,GoFish,0,GAME_OVER,106,39,2,598,OSLA,7.0,6.0,mcts-5000,1,OSLA,1,2,2,mcts-5000,mcts-5000,OSLA,1
2046903153,GoFish,0,GAME_OVER,99,36,2,599,OSLA,8.0,5.0,mcts-5000,1,OSLA,1,2,2,mcts-5000,mcts-5000,OSLA,1
-1086811407,GoFish,0,GAME_OVER,100,36,2,600,OSLA,6.0,7.0,mcts-5000,2,OSLA,2,1,1,mcts-5000,mcts-5000,OSLA,0
744610857,GoFish,0,GAME_OVER,101,38,2,601,OSLA,8.0,5.0,mcts-5000,1,OSLA,1,2,2,mcts-5000,mcts-5000,OSLA,1
