Depth	Name	Value	Visits	Parent_Name	Game_State	Game_Features	Game_State_Heuristic	Action_Name	Best_Action
0	Node_1	0.00	313	None	games.catan.CatanGameState@34e15199	{"SCORE":4.0,"SCORE_ADV":2.0,"ORDINAL":0.25,"OUR_TURN":1.0,"HAS_WON":0.0,"FINAL_ORD":0.0,"ROUND":0.018}	0.400	None	p0 moves robber to (2;5). Steals from p1
1	Node_2	0.00	16	Node_1	games.catan.CatanGameState@4c831eab	{"SCORE":4.0,"SCORE_ADV":2.0,"ORDINAL":0.25,"OUR_TURN":0.0,"HAS_WON":0.0,"FINAL_ORD":0.0,"ROUND":0.018}	0.400	p0 moves robber to (1;4). Steals from p-1	DoNothing
1	Node_3	0.00	16	Node_1	games.catan.CatanGameState@fbf8fee5	{"SCORE":4.0,"SCORE_ADV":2.0,"ORDINAL":0.25,"OUR_TURN":0.0,"HAS_WON":0.0,"FINAL_ORD":0.0,"ROUND":0.018}	0.400	p0 moves robber to (4;2). Steals from p-1	DoNothing
1	Node_4	0.00	16	Node_1	games.catan.CatanGameState@60868201	{"SCORE":4.0,"SCORE_ADV":2.0,"ORDINAL":0.25,"OUR_TURN":0.0,"HAS_WON":0.0,"FINAL_ORD":0.0,"ROUND":0.018}	0.400	p0 moves robber to (4;3). Steals from p-1	DoNothing
1	Node_5	0.00	16	Node_1	games.catan.CatanGameState@bb483249	{"SCORE":4.0,"SCORE_ADV":2.0,"ORDINAL":0.25,"OUR_TURN":0.0,"HAS_WON":0.0,"FINAL_ORD":0.0,"ROUND":0.018}	0.400	p0 moves robber to (4;4). Steals from p-1	DoNothing
1	Node_6	0.00	16	Node_1	games.catan.CatanGameState@672cb063	{"SCORE":4.0,"SCORE_ADV":2.0,"ORDINAL":0.25,"OUR_TURN":0.0,"HAS_WON":0.0,"FINAL_ORD":0.0,"ROUND":0.018}	0.400	p0 moves robber to (1;2). Steals from p2	DoNothing
1	Node_7	0.00	15	Node_1	games.catan.CatanGameState@ed931b76	{"SCORE":4.0,"SCORE_ADV":2.0,"ORDINAL":0.25,"OUR_TURN":0.0,"HAS_WON":0.0,"FINAL_ORD":0.0,"ROUND":0.018}	0.400	p0 moves robber to (3;5). Steals from p1	DoNothing
1	Node_8	0.00	15	Node_1	games.catan.CatanGameState@6685ed2c	{"SCORE":4.0,"SCORE_ADV":2.0,"ORDINAL":0.25,"OUR_TURN":0.0,"HAS_WON":0.0,"FINAL_ORD":0.0,"ROUND":0.018}	0.400	p0 moves robber to (1;3). Steals from p-1	DoNothing
1	Node_9	0.00	16	Node_1	games.catan.CatanGameState@40187c47	{"SCORE":4.0,"SCORE_ADV":2.0,"ORDINAL":0.25,"OUR_TURN":0.0,"HAS_WON":0.0,"FINAL_ORD":0.0,"ROUND":0.018}	0.400	p0 moves robber to (3;4). Steals from p3	DoNothing
1	Node_10	0.00	16	Node_1	games.catan.CatanGameState@92a5c14	{"SCORE":4.0,"SCORE_ADV":2.0,"ORDINAL":0.25,"OUR_TURN":0.0,"HAS_WON":0.0,"FINAL_ORD":0.0,"ROUND":0.018}	0.400	p0 moves robber to (3;2). Steals from p3	DoNothing
1	Node_11	0.00	15	Node_1	games.catan.CatanGameState@3c8f7227	{"SCORE":4.0,"SCORE_ADV":2.0,"ORDINAL":0.25,"OUR_TURN":0.0,"HAS_WON":0.0,"FINAL_ORD":0.0,"ROUND":0.018}	0.400	p0 moves robber to (3;3). Steals from p3	DoNothing
1	Node_12	0.00	15	Node_1	games.catan.CatanGameState@409e39a4	{"SCORE":4.0,"SCORE_ADV":2.0,"ORDINAL":0.25,"OUR_TURN":0.0,"HAS_WON":0.0,"FINAL_ORD":0.0,"ROUND":0.018}	0.400	p0 moves robber to (3;1). Steals from p3	DoNothing
1	Node_13	0.00	16	Node_1	games.catan.CatanGameState@70ca83ed	{"SCORE":4.0,"SCORE_ADV":2.0,"ORDINAL":0.25,"OUR_TURN":0.0,"HAS_WON":0.0,"FINAL_ORD":0.0,"ROUND":0.018}	0.400	p0 moves robber to (5;3). Steals from p1	DoNothing
1	Node_14	0.00	15	Node_1	games.catan.CatanGameState@608fad0d	{"SCORE":4.0,"SCORE_ADV":2.0,"ORDINAL":0.25,"OUR_TURN":0.0,"HAS_WON":0.0,"FINAL_ORD":0.0,"ROUND":0.018}	0.400	p0 moves robber to (2;1). Steals from p-1	DoNothing
1	Node_15	0.00	15	Node_1	games.catan.CatanGameState@b32ca616	{"SCORE":4.0,"SCORE_ADV":2.0,"ORDINAL":0.25,"OUR_TURN":0.0,"HAS_WON":0.0,"FINAL_ORD":0.0,"ROUND":0.018}	0.400	p0 moves robber to (4;5). Steals from p-1	DoNothing
1	Node_16	0.00	16	Node_1	games.catan.CatanGameState@f9013991	{"SCORE":4.0,"SCORE_ADV":2.0,"ORDINAL":0.25,"OUR_TURN":0.0,"HAS_WON":0.0,"FINAL_ORD":0.0,"ROUND":0.018}	0.400	p0 moves robber to (2;5). Steals from p1	DoNothing
1	Node_17	0.00	16	Node_1	games.catan.CatanGameState@5808435b	{"SCORE":4.0,"SCORE_ADV":2.0,"ORDINAL":0.25,"OUR_TURN":0.0,"HAS_WON":0.0,"FINAL_ORD":0.0,"ROUND":0.018}	0.400	p0 moves robber to (2;2). Steals from p3	DoNothing
1	Node_18	0.00	16	Node_1	games.catan.CatanGameState@6d9236b0	{"SCORE":4.0,"SCORE_ADV":2.0,"ORDINAL":0.25,"OUR_TURN":0.0,"HAS_WON":0.0,"FINAL_ORD":0.0,"ROUND":0.018}	0.400	p0 moves robber to (2;3). Steals from p2	DoNothing
1	Node_19	0.00	16	Node_1	games.catan.CatanGameState@b5814596	{"SCORE":4.0,"SCORE_ADV":2.0,"ORDINAL":0.25,"OUR_TURN":0.0,"HAS_WON":0.0,"FINAL_ORD":0.0,"ROUND":0.018}	0.400	p0 moves robber to (4;1). Steals from p2	DoNothing
1	Node_20	0.00	16	Node_1	games.catan.CatanGameState@4d7caf49	{"SCORE":4.0,"SCORE_ADV":2.0,"ORDINAL":0.25,"OUR_TURN":0.0,"HAS_WON":0.0,"FINAL_ORD":0.0,"ROUND":0.018}	0.400	p0 moves robber to (2;2). Steals from p2	DoNothing
1	Node_21	0.00	15	Node_1	games.catan.CatanGameState@7bca4ed7	{"SCORE":4.0,"SCORE_ADV":2.0,"ORDINAL":0.25,"OUR_TURN":0.0,"HAS_WON":0.0,"FINAL_ORD":0.0,"ROUND":0.018}	0.400	p0 moves robber to (2;4). Steals from p3	DoNothing
2	Node_22	0.00	15	Node_2	games.catan.CatanGameState@8c466e89	{"SCORE":2.0,"SCORE_ADV":-4.0,"ORDINAL":0.5,"OUR_TURN":0.0,"HAS_WON":0.0,"FINAL_ORD":0.0,"ROUND":0.018}	0.200	DoNothing	Trade (p1 to p0 : 1 GRAIN for 1 BRICK)
2	Node_23	0.00	15	Node_3	games.catan.CatanGameState@a0ab757c	{"SCORE":2.0,"SCORE_ADV":-4.0,"ORDINAL":0.5,"OUR_TURN":0.0,"HAS_WON":0.0,"FINAL_ORD":0.0,"ROUND":0.018}	0.200	DoNothing	Trade (p1 to p0 : 1 ORE for 1 GRAIN)
2	Node_24	0.00	15	Node_4	games.catan.CatanGameState@6021277a	{"SCORE":2.0,"SCORE_ADV":-4.0,"ORDINAL":0.5,"OUR_TURN":0.0,"HAS_WON":0.0,"FINAL_ORD":0.0,"ROUND":0.018}	0.200	DoNothing	Trade (p1 to p2 : 2 GRAIN for 2 WOOL)
2	Node_25	0.00	15	Node_5	games.catan.CatanGameState@4bb34b2f	{"SCORE":2.0,"SCORE_ADV":-4.0,"ORDINAL":0.5,"OUR_TURN":0.0,"HAS_WON":0.0,"FINAL_ORD":0.0,"ROUND":0.018}	0.200	DoNothing	Trade (p1 to p0 : 2 GRAIN for 1 LUMBER)
2	Node_26	0.00	15	Node_6	games.catan.CatanGameState@5b73e758	{"SCORE":2.0,"SCORE_ADV":-4.0,"ORDINAL":0.5,"OUR_TURN":0.0,"HAS_WON":0.0,"FINAL_ORD":0.0,"ROUND":0.018}	0.200	DoNothing	Trade (p1 to p3 : 1 GRAIN for 2 LUMBER)
2	Node_27	0.00	14	Node_7	games.catan.CatanGameState@951c9c36	{"SCORE":2.0,"SCORE_ADV":-4.0,"ORDINAL":0.5,"OUR_TURN":0.0,"HAS_WON":0.0,"FINAL_ORD":0.0,"ROUND":0.018}	0.200	DoNothing	Trade (p1 to p2 : 1 GRAIN for 2 BRICK)
2	Node_28	0.00	14	Node_8	games.catan.CatanGameState@df95a2af	{"SCORE":2.0,"SCORE_ADV":-4.0,"ORDINAL":0.5,"OUR_TURN":0.0,"HAS_WON":0.0,"FINAL_ORD":0.0,"ROUND":0.018}	0.200	DoNothing	Trade (p1 to p3 : 1 ORE for 1 GRAIN)
2	Node_29	0.00	15	Node_9	games.catan.CatanGameState@ca8dfdff	{"SCORE":2.0,"SCORE_ADV":-4.0,"ORDINAL":0.5,"OUR_TURN":0.0,"HAS_WON":0.0,"FINAL_ORD":0.0,"ROUND":0.018}	0.200	DoNothing	Trade (p1 to p0 : 1 GRAIN for 1 WOOL)
2	Node_30	0.00	15	Node_10	games.catan.CatanGameState@17bab363	{"SCORE":2.0,"SCORE_ADV":-4.0,"ORDINAL":0.5,"OUR_TURN":0.0,"HAS_WON":0.0,"FINAL_ORD":0.0,"ROUND":0.018}	0.200	DoNothing	Trade (p1 to p2 : 1 GRAIN for 1 LUMBER)
2	Node_31	0.00	14	Node_11	games.catan.CatanGameState@ad76aee8	{"SCORE":2.0,"SCORE_ADV":-4.0,"ORDINAL":0.5,"OUR_TURN":0.0,"HAS_WON":0.0,"FINAL_ORD":0.0,"ROUND":0.018}	0.200	DoNothing	Trade (p1 to p2 : 1 GRAIN for 1 ORE)
2	Node_32	0.00	14	Node_12	games.catan.CatanGameState@9978f17b	{"SCORE":2.0,"SCORE_ADV":-4.0,"ORDINAL":0.5,"OUR_TURN":0.0,"HAS_WON":0.0,"FINAL_ORD":0.0,"ROUND":0.018}	0.200	DoNothing	Trade (p1 to p2 : 1 WOOL for 2 GRAIN)
2	Node_33	0.00	15	Node_13	games.catan.CatanGameState@a4e3cada	{"SCORE":2.0,"SCORE_ADV":-4.0,"ORDINAL":0.5,"OUR_TURN":0.0,"HAS_WON":0.0,"FINAL_ORD":0.0,"ROUND":0.018}	0.200	DoNothing	Trade (p1 to p3 : 1 ORE for 1 GRAIN)
2	Node_34	0.00	14	Node_14	games.catan.CatanGameState@da1fd4f5	{"SCORE":2.0,"SCORE_ADV":-4.0,"ORDINAL":0.5,"OUR_TURN":0.0,"HAS_WON":0.0,"FINAL_ORD":0.0,"ROUND":0.018}	0.200	DoNothing	Trade (p1 to p2 : 2 GRAIN for 2 WOOL)
2	Node_35	0.00	14	Node_15	games.catan.CatanGameState@24fac6a2	{"SCORE":2.0,"SCORE_ADV":-4.0,"ORDINAL":0.5,"OUR_TURN":0.0,"HAS_WON":0.0,"FINAL_ORD":0.0,"ROUND":0.018}	0.200	DoNothing	Trade (p1 to p3 : 2 WOOL for 2 ORE)
2	Node_36	0.00	15	Node_16	games.catan.CatanGameState@2726327f	{"SCORE":2.0,"SCORE_ADV":-4.0,"ORDINAL":0.5,"OUR_TURN":0.0,"HAS_WON":0.0,"FINAL_ORD":0.0,"ROUND":0.018}	0.200	DoNothing	Trade (p1 to p2 : 1 GRAIN for 1 BRICK)
2	Node_37	0.00	15	Node_17	games.catan.CatanGameState@60316dd0	{"SCORE":2.0,"SCORE_ADV":-4.0,"ORDINAL":0.5,"OUR_TURN":0.0,"HAS_WON":0.0,"FINAL_ORD":0.0,"ROUND":0.018}	0.200	DoNothing	Trade (p1 to p2 : 1 WOOL for 1 GRAIN)
2	Node_38	0.00	15	Node_18	games.catan.CatanGameState@55f0c858	{"SCORE":2.0,"SCORE_ADV":-4.0,"ORDINAL":0.5,"OUR_TURN":0.0,"HAS_WON":0.0,"FINAL_ORD":0.0,"ROUND":0.018}	0.200	DoNothing	Trade (p1 to p2 : 2 GRAIN for 2 BRICK)
2	Node_39	0.00	15	Node_19	games.catan.CatanGameState@f63c6e1	{"SCORE":2.0,"SCORE_ADV":-4.0,"ORDINAL":0.5,"OUR_TURN":0.0,"HAS_WON":0.0,"FINAL_ORD":0.0,"ROUND":0.018}	0.200	DoNothing	Trade (p1 to p0 : 2 WOOL for 1 GRAIN)
2	Node_40	0.00	15	Node_20	games.catan.CatanGameState@e9f111c5	{"SCORE":2.0,"SCORE_ADV":-4.0,"ORDINAL":0.5,"OUR_TURN":0.0,"HAS_WON":0.0,"FINAL_ORD":0.0,"ROUND":0.018}	0.200	DoNothing	Trade (p1 to p2 : 1 WOOL for 1 BRICK)
2	Node_41	0.00	14	Node_21	games.catan.CatanGameState@68be6e72	{"SCORE":2.0,"SCORE_ADV":-4.0,"ORDINAL":0.5,"OUR_TURN":0.0,"HAS_WON":0.0,"FINAL_ORD":0.0,"ROUND":0.018}	0.200	DoNothing	Trade (p1 to p0 : 1 WOOL for 2 ORE)
3	Node_42	0.00	1	Node_22	games.catan.CatanGameState@7e95e64f	{"SCORE":2.0,"SCORE_ADV":-4.0,"ORDINAL":0.5,"OUR_TURN":0.0,"HAS_WON":0.0,"FINAL_ORD":0.0,"ROUND":0.018}	0.200	Trade (p1 to p2 : 1 WOOL for 2 BRICK)	Trade (p1 to p2 : 1 WOOL for 1 BRICK)
3	Node_43	0.00	1	Node_22	games.catan.CatanGameState@a96ba92e	{"SCORE":2.0,"SCORE_ADV":-4.0,"ORDINAL":0.5,"OUR_TURN":0.0,"HAS_WON":0.0,"FINAL_ORD":0.0,"ROUND":0.018}	0.200	Trade (p1 to p2 : 1 GRAIN for 2 LUMBER)	p1 rejects trade
3	Node_44	0.00	1	Node_22	games.catan.CatanGameState@ea9d3afe	{"SCORE":2.0,"SCORE_ADV":-4.0,"ORDINAL":0.5,"OUR_TURN":0.0,"HAS_WON":0.0,"FINAL_ORD":0.0,"ROUND":0.018}	0.200	Trade (p1 to p0 : 1 GRAIN for 1 BRICK)	p1 rejects trade
3	Node_45	0.00	1	Node_22	games.catan.CatanGameState@e4c1ec	{"SCORE":2.0,"SCORE_ADV":-4.0,"ORDINAL":0.5,"OUR_TURN":0.0,"HAS_WON":0.0,"FINAL_ORD":0.0,"ROUND":0.018}	0.200	Trade (p1 to p3 : 1 WOOL for 2 GRAIN)	Trade (p1 to p3 : 2 WOOL for 1 GRAIN)
3	Node_46	0.00	1	Node_22	games.catan.CatanGameState@c7f90b7c	{"SCORE":2.0,"SCORE_ADV":-4.0,"ORDINAL":0.5,"OUR_TURN":0.0,"HAS_WON":0.0,"FINAL_ORD":0.0,"ROUND":0.018}	0.200	Trade (p1 to p2 : 1 GRAIN for 1 BRICK)	p1 rejects trade
3	Node_47	0.00	1	Node_22	games.catan.CatanGameState@5771e43a	{"SCORE":2.0,"SCORE_ADV":-4.0,"ORDINAL":0.5,"OUR_TURN":0.0,"HAS_WON":0.0,"FINAL_ORD":0.0,"ROUND":0.018}	0.200	Trade (p1 to p0 : 2 GRAIN for 2 LUMBER)	p1 rejects trade
3	Node_48	0.00	1	Node_22	games.catan.CatanGameState@f76a421b	{"SCORE":2.0,"SCORE_ADV":-4.0,"ORDINAL":0.5,"OUR_TURN":0.0,"HAS_WON":0.0,"FINAL_ORD":0.0,"ROUND":0.018}	0.200	Trade (p1 to p0 : 1 GRAIN for 2 WOOL)	p1 rejects trade
3	Node_49	0.00	1	Node_22	games.catan.CatanGameState@95649c1e	{"SCORE":2.0,"SCORE_ADV":-4.0,"ORDINAL":0.5,"OUR_TURN":0.0,"HAS_WON":0.0,"FINAL_ORD":0.0,"ROUND":0.018}	0.200	Trade (p1 to p0 : 2 WOOL for 2 BRICK)	p1 rejects trade
3	Node_50	0.00	1	Node_22	games.catan.CatanGameState@dd216e20	{"SCORE":2.0,"SCORE_ADV":-4.0,"ORDINAL":0.5,"OUR_TURN":0.0,"HAS_WON":0.0,"FINAL_ORD":0.0,"ROUND":0.018}	0.200	Trade (p1 to p2 : 1 GRAIN for 2 WOOL)	p1 rejects trade
3	Node_51	0.00	1	Node_22	games.catan.CatanGameState@83cb2045	{"SCORE":2.0,"SCORE_ADV":-4.0,"ORDINAL":0.5,"OUR_TURN":0.0,"HAS_WON":0.0,"FINAL_ORD":0.0,"ROUND":0.018}	0.200	Trade (p1 to p0 : 2 GRAIN for 2 BRICK)	p1 rejects trade
3	Node_52	0.00	1	Node_22	games.catan.CatanGameState@4ae225b5	{"SCORE":2.0,"SCORE_ADV":-4.0,"ORDINAL":0.5,"OUR_TURN":0.0,"HAS_WON":0.0,"FINAL_ORD":0.0,"ROUND":0.018}	0.200	Trade (p1 to p0 : 2 WOOL for 2 LUMBER)	Trade (p1 to p0 : 1 WOOL for 2 LUMBER)
3	Node_53	0.00	1	Node_22	games.catan.CatanGameState@732dcacc	{"SCORE":2.0,"SCORE_ADV":-4.0,"ORDINAL":0.5,"OUR_TURN":0.0,"HAS_WON":0.0,"FINAL_ORD":0.0,"ROUND":0.018}	0.200	Trade (p1 to p0 : 2 WOOL for 1 GRAIN)	p1 rejects trade
3	Node_54	0.00	1	Node_22	games.catan.CatanGameState@34b06f56	{"SCORE":2.0,"SCORE_ADV":-4.0,"ORDINAL":0.5,"OUR_TURN":0.0,"HAS_WON":0.0,"FINAL_ORD":0.0,"ROUND":0.018}	0.200	Trade (p1 to p3 : 1 WOOL for 1 BRICK)	p1 rejects trade
3	Node_55	0.00	1	Node_22	games.catan.CatanGameState@71d5d87b	{"SCORE":2.0,"SCORE_ADV":-4.0,"ORDINAL":0.5,"OUR_TURN":0.0,"HAS_WON":0.0,"FINAL_ORD":0.0,"ROUND":0.018}	0.200	Trade (p1 to p2 : 2 GRAIN for 1 ORE)	Trade (p1 to p2 : 1 GRAIN for 1 ORE)
3	Node_56	0.00	1	Node_23	games.catan.CatanGameState@c3e99577	{"SCORE":2.0,"SCORE_ADV":-4.0,"ORDINAL":0.5,"OUR_TURN":0.0,"HAS_WON":0.0,"FINAL_ORD":0.0,"ROUND":0.018}	0.200	Trade (p1 to p0 : 2 GRAIN for 2 WOOL)	p1 rejects trade
3	Node_57	0.00	1	Node_23	games.catan.CatanGameState@31a8d934	{"SCORE":2.0,"SCORE_ADV":-4.0,"ORDINAL":0.5,"OUR_TURN":0.0,"HAS_WON":0.0,"FINAL_ORD":0.0,"ROUND":0.018}	0.200	Trade (p1 to p3 : 1 GRAIN for 2 BRICK)	p1 rejects trade
3	Node_58	0.00	1	Node_23	games.catan.CatanGameState@ca8bdcfd	{"SCORE":2.0,"SCORE_ADV":-4.0,"ORDINAL":0.5,"OUR_TURN":0.0,"HAS_WON":0.0,"FINAL_ORD":0.0,"ROUND":0.018}	0.200	Trade (p1 to p0 : 1 ORE for 1 GRAIN)	p1 rejects trade
3	Node_59	0.00	1	Node_23	games.catan.CatanGameState@f76c6cb1	{"SCORE":2.0,"SCORE_ADV":-4.0,"ORDINAL":0.5,"OUR_TURN":0.0,"HAS_WON":0.0,"FINAL_ORD":0.0,"ROUND":0.018}	0.200	Trade (p1 to p0 : 1 WOOL for 1 LUMBER)	Trade (p1 to p0 : 1 WOOL for 2 LUMBER)
3	Node_60	0.00	1	Node_23	games.catan.CatanGameState@c17ae0bc	{"SCORE":2.0,"SCORE_ADV":-4.0,"ORDINAL":0.5,"OUR_TURN":0.0,"HAS_WON":0.0,"FINAL_ORD":0.0,"ROUND":0.018}	0.200	Trade (p1 to p3 : 1 ORE for 2 GRAIN)	p1 rejects trade
3	Node_61	0.00	1	Node_23	games.catan.CatanGameState@eff8bdd8	{"SCORE":2.0,"SCORE_ADV":-4.0,"ORDINAL":0.5,"OUR_TURN":0.0,"HAS_WON":0.0,"FINAL_ORD":0.0,"ROUND":0.018}	0.200	Trade (p1 to p3 : 1 GRAIN for 1 BRICK)	p1 rejects trade
3	Node_62	0.00	1	Node_23	games.catan.CatanGameState@93bd562	{"SCORE":2.0,"SCORE_ADV":-4.0,"ORDINAL":0.5,"OUR_TURN":0.0,"HAS_WON":0.0,"FINAL_ORD":0.0,"ROUND":0.018}	0.200	Trade (p1 to p2 : 1 GRAIN for 1 BRICK)	p1 rejects trade
3	Node_63	0.00	1	Node_23	games.catan.CatanGameState@149f6db0	{"SCORE":2.0,"SCORE_ADV":-4.0,"ORDINAL":0.5,"OUR_TURN":0.0,"HAS_WON":0.0,"FINAL_ORD":0.0,"ROUND":0.018}	0.200	Trade (p1 to p0 : 1 WOOL for 2 ORE)	p1 rejects trade
3	Node_64	0.00	1	Node_23	games.catan.CatanGameState@edddc4d1	{"SCORE":2.0,"SCORE_ADV":-4.0,"ORDINAL":0.5,"OUR_TURN":0.0,"HAS_WON":0.0,"FINAL_ORD":0.0,"ROUND":0.018}	0.200	Trade (p1 to p0 : 1 GRAIN for 2 WOOL)	p1 rejects trade
3	Node_65	0.00	1	Node_23	games.catan.CatanGameState@ecbaf569	{"SCORE":2.0,"SCORE_ADV":-4.0,"ORDINAL":0.5,"OUR_TURN":0.0,"HAS_WON":0.0,"FINAL_ORD":0.0,"ROUND":0.018}	0.200	Trade (p1 to p0 : 1 WOOL for 1 ORE)	p1 rejects trade
3	Node_66	0.00	1	Node_23	games.catan.CatanGameState@f5223d6d	{"SCORE":2.0,"SCORE_ADV":-4.0,"ORDINAL":0.5,"OUR_TURN":0.0,"HAS_WON":0.0,"FINAL_ORD":0.0,"ROUND":0.018}	0.200	Trade (p1 to p0 : 2 GRAIN for 2 BRICK)	p1 rejects trade
3	Node_67	0.00	1	Node_23	games.catan.CatanGameState@16b9fba5	{"SCORE":2.0,"SCORE_ADV":-4.0,"ORDINAL":0.5,"OUR_TURN":0.0,"HAS_WON":0.0,"FINAL_ORD":0.0,"ROUND":0.018}	0.200	Trade (p1 to p3 : 1 ORE for 1 BRICK)	p1 rejects trade
3	Node_68	0.00	1	Node_23	games.catan.CatanGameState@9fdc3b58	{"SCORE":2.0,"SCORE_ADV":-4.0,"ORDINAL":0.5,"OUR_TURN":0.0,"HAS_WON":0.0,"FINAL_ORD":0.0,"ROUND":0.018}	0.200	Trade (p1 to p2 : 1 WOOL for 2 LUMBER)	p1 rejects trade
3	Node_69	0.00	1	Node_23	games.catan.CatanGameState@a995fca7	{"SCORE":2.0,"SCORE_ADV":-4.0,"ORDINAL":0.5,"OUR_TURN":0.0,"HAS_WON":0.0,"FINAL_ORD":0.0,"ROUND":0.018}	0.200	Trade (p1 to p2 : 1 ORE for 1 LUMBER)	Trade (p1 to p2 : 1 ORE for 2 LUMBER)
3	Node_70	0.00	1	Node_24	games.catan.CatanGameState@5f8432ad	{"SCORE":2.0,"SCORE_ADV":-4.0,"ORDINAL":0.5,"OUR_TURN":0.0,"HAS_WON":0.0,"FINAL_ORD":0.0,"ROUND":0.018}	0.200	Trade (p1 to p0 : 1 GRAIN for 2 BRICK)	p1 rejects trade
3	Node_71	0.00	1	Node_24	games.catan.CatanGameState@383bd0b6	{"SCORE":2.0,"SCORE_ADV":-4.0,"ORDINAL":0.5,"OUR_TURN":0.0,"HAS_WON":0.0,"FINAL_ORD":0.0,"ROUND":0.018}	0.200	Trade (p1 to p2 : 2 GRAIN for 2 ORE)	Trade (p1 to p2 : 1 GRAIN for 1 ORE)
3	Node_72	0.00	1	Node_24	games.catan.CatanGameState@4960992d	{"SCORE":2.0,"SCORE_ADV":-4.0,"ORDINAL":0.5,"OUR_TURN":0.0,"HAS_WON":0.0,"FINAL_ORD":0.0,"ROUND":0.018}	0.200	Trade (p1 to p2 : 1 WOOL for 1 GRAIN)	p1 rejects trade
3	Node_73	0.00	1	Node_24	games.catan.CatanGameState@cc975313	{"SCORE":2.0,"SCORE_ADV":-4.0,"ORDINAL":0.5,"OUR_TURN":0.0,"HAS_WON":0.0,"FINAL_ORD":0.0,"ROUND":0.018}	0.200	Trade (p1 to p3 : 1 ORE for 2 GRAIN)	p1 rejects trade
3	Node_74	0.00	1	Node_24	games.catan.CatanGameState@a0d9fc5f	{"SCORE":2.0,"SCORE_ADV":-4.0,"ORDINAL":0.5,"OUR_TURN":0.0,"HAS_WON":0.0,"FINAL_ORD":0.0,"ROUND":0.018}	0.200	Trade (p1 to p3 : 2 WOOL for 2 BRICK)	p1 rejects trade
3	Node_75	0.00	1	Node_24	games.catan.CatanGameState@737554a5	{"SCORE":2.0,"SCORE_ADV":-4.0,"ORDINAL":0.5,"OUR_TURN":0.0,"HAS_WON":0.0,"FINAL_ORD":0.0,"ROUND":0.018}	0.200	Trade (p1 to p3 : 1 ORE for 2 LUMBER)	p1 rejects trade
3	Node_76	0.00	1	Node_24	games.catan.CatanGameState@28e95747	{"SCORE":2.0,"SCORE_ADV":-4.0,"ORDINAL":0.5,"OUR_TURN":0.0,"HAS_WON":0.0,"FINAL_ORD":0.0,"ROUND":0.018}	0.200	Trade (p1 to p2 : 2 GRAIN for 2 WOOL)	p1 rejects trade
3	Node_77	0.00	1	Node_24	games.catan.CatanGameState@8e078e61	{"SCORE":2.0,"SCORE_ADV":-4.0,"ORDINAL":0.5,"OUR_TURN":0.0,"HAS_WON":0.0,"FINAL_ORD":0.0,"ROUND":0.018}	0.200	Trade (p1 to p0 : 2 WOOL for 2 BRICK)	p1 rejects trade
3	Node_78	0.00	1	Node_24	games.catan.CatanGameState@467bbe0e	{"SCORE":2.0,"SCORE_ADV":-4.0,"ORDINAL":0.5,"OUR_TURN":0.0,"HAS_WON":0.0,"FINAL_ORD":0.0,"ROUND":0.018}	0.200	Trade (p1 to p0 : 2 WOOL for 1 LUMBER)	Trade (p1 to p0 : 1 WOOL for 2 LUMBER)
3	Node_79	0.00	1	Node_24	games.catan.CatanGameState@735cc6bf	{"SCORE":2.0,"SCORE_ADV":-4.0,"ORDINAL":0.5,"OUR_TURN":0.0,"HAS_WON":0.0,"FINAL_ORD":0.0,"ROUND":0.018}	0.200	Trade (p1 to p2 : 2 WOOL for 2 GRAIN)	p1 rejects trade
3	Node_80	0.00	1	Node_24	games.catan.CatanGameState@739d6e70	{"SCORE":2.0,"SCORE_ADV":-4.0,"ORDINAL":0.5,"OUR_TURN":0.0,"HAS_WON":0.0,"FINAL_ORD":0.0,"ROUND":0.018}	0.200	Trade (p1 to p0 : 2 GRAIN for 1 LUMBER)	p1 rejects trade
3	Node_81	0.00	1	Node_24	games.catan.CatanGameState@90db86e1	{"SCORE":2.0,"SCORE_ADV":-4.0,"ORDINAL":0.5,"OUR_TURN":0.0,"HAS_WON":0.0,"FINAL_ORD":0.0,"ROUND":0.018}	0.200	Trade (p1 to p3 : 1 WOOL for 1 BRICK)	p1 rejects trade
3	Node_82	0.00	1	Node_24	games.catan.CatanGameState@fe4afcd	{"SCORE":2.0,"SCORE_ADV":-4.0,"ORDINAL":0.5,"OUR_TURN":0.0,"HAS_WON":0.0,"FINAL_ORD":0.0,"ROUND":0.018}	0.200	Trade (p1 to p2 : 1 WOOL for 1 ORE)	Trade (p1 to p2 : 1 WOOL for 2 ORE)
3	Node_83	0.00	1	Node_24	games.catan.CatanGameState@7ab52ed0	{"SCORE":2.0,"SCORE_ADV":-4.0,"ORDINAL":0.5,"OUR_TURN":0.0,"HAS_WON":0.0,"FINAL_ORD":0.0,"ROUND":0.018}	0.200	Trade (p1 to p2 : 2 GRAIN for 1 ORE)	Trade (p1 to p2 : 1 GRAIN for 1 ORE)
3	Node_84	0.00	1	Node_25	games.catan.CatanGameState@f23bfcfe	{"SCORE":2.0,"SCORE_ADV":-4.0,"ORDINAL":0.5,"OUR_TURN":0.0,"HAS_WON":0.0,"FINAL_ORD":0.0,"ROUND":0.018}	0.200	Trade (p1 to p2 : 1 WOOL for 2 BRICK)	Trade (p1 to p2 : 1 WOOL for 1 BRICK)
3	Node_85	0.00	1	Node_25	games.catan.CatanGameState@bd9aeeb0	{"SCORE":2.0,"SCORE_ADV":-4.0,"ORDINAL":0.5,"OUR_TURN":0.0,"HAS_WON":0.0,"FINAL_ORD":0.0,"ROUND":0.018}	0.200	Trade (p1 to p3 : 1 WOOL for 2 BRICK)	p1 rejects trade
3	Node_86	0.00	1	Node_25	games.catan.CatanGameState@e5d85a6d	{"SCORE":2.0,"SCORE_ADV":-4.0,"ORDINAL":0.5,"OUR_TURN":0.0,"HAS_WON":0.0,"FINAL_ORD":0.0,"ROUND":0.018}	0.200	Trade (p1 to p0 : 1 ORE for 1 WOOL)	Trade (p1 to p0 : 1 ORE for 2 WOOL)
3	Node_87	0.00	1	Node_25	games.catan.CatanGameState@a4a644cc	{"SCORE":2.0,"SCORE_ADV":-4.0,"ORDINAL":0.5,"OUR_TURN":0.0,"HAS_WON":0.0,"FINAL_ORD":0.0,"ROUND":0.018}	0.200	Trade (p1 to p3 : 1 ORE for 2 GRAIN)	p1 rejects trade
3	Node_88	0.00	1	Node_25	games.catan.CatanGameState@29798696	{"SCORE":2.0,"SCORE_ADV":-4.0,"ORDINAL":0.5,"OUR_TURN":0.0,"HAS_WON":0.0,"FINAL_ORD":0.0,"ROUND":0.018}	0.200	Trade (p1 to p0 : 2 GRAIN for 2 LUMBER)	p1 rejects trade
3	Node_89	0.00	1	Node_25	games.catan.CatanGameState@94835ae8	{"SCORE":2.0,"SCORE_ADV":-4.0,"ORDINAL":0.5,"OUR_TURN":0.0,"HAS_WON":0.0,"FINAL_ORD":0.0,"ROUND":0.018}	0.200	Trade (p1 to p2 : 1 GRAIN for 2 BRICK)	p1 rejects trade
3	Node_90	0.00	1	Node_25	games.catan.CatanGameState@f284c9df	{"SCORE":2.0,"SCORE_ADV":-4.0,"ORDINAL":0.5,"OUR_TURN":0.0,"HAS_WON":0.0,"FINAL_ORD":0.0,"ROUND":0.018}	0.200	Trade (p1 to p3 : 1 ORE for 1 LUMBER)	p1 rejects trade
3	Node_91	0.00	1	Node_25	games.catan.CatanGameState@c3734647	{"SCORE":2.0,"SCORE_ADV":-4.0,"ORDINAL":0.5,"OUR_TURN":0.0,"HAS_WON":0.0,"FINAL_ORD":0.0,"ROUND":0.018}	0.200	Trade (p1 to p2 : 1 GRAIN for 2 ORE)	Trade (p1 to p2 : 1 GRAIN for 1 ORE)
3	Node_92	0.00	1	Node_25	games.catan.CatanGameState@2c8adbb0	{"SCORE":2.0,"SCORE_ADV":-4.0,"ORDINAL":0.5,"OUR_TURN":0.0,"HAS_WON":0.0,"FINAL_ORD":0.0,"ROUND":0.018}	0.200	Trade (p1 to p3 : 1 GRAIN for 1 WOOL)	Trade (p1 to p3 : 2 GRAIN for 2 WOOL)
3	Node_93	0.00	1	Node_25	games.catan.CatanGameState@a1e8ce1	{"SCORE":2.0,"SCORE_ADV":-4.0,"ORDINAL":0.5,"OUR_TURN":0.0,"HAS_WON":0.0,"FINAL_ORD":0.0,"ROUND":0.018}	0.200	Trade (p1 to p3 : 2 WOOL for 2 LUMBER)	p1 rejects trade
3	Node_94	0.00	1	Node_25	games.catan.CatanGameState@6023fa1a	{"SCORE":2.0,"SCORE_ADV":-4.0,"ORDINAL":0.5,"OUR_TURN":0.0,"HAS_WON":0.0,"FINAL_ORD":0.0,"ROUND":0.018}	0.200	Trade (p1 to p0 : 2 GRAIN for 1 LUMBER)	p1 rejects trade
3	Node_95	0.00	1	Node_25	games.catan.CatanGameState@9de6dd4d	{"SCORE":2.0,"SCORE_ADV":-4.0,"ORDINAL":0.5,"OUR_TURN":0.0,"HAS_WON":0.0,"FINAL_ORD":0.0,"ROUND":0.018}	0.200	Trade (p1 to p0 : 1 GRAIN for 2 ORE)	p1 rejects trade
3	Node_96	0.00	1	Node_25	games.catan.CatanGameState@b0b421e	{"SCORE":2.0,"SCORE_ADV":-4.0,"ORDINAL":0.5,"OUR_TURN":0.0,"HAS_WON":0.0,"FINAL_ORD":0.0,"ROUND":0.018}	0.200	Trade (p1 to p0 : 2 WOOL for 1 GRAIN)	p1 rejects trade
3	Node_97	0.00	1	Node_25	games.catan.CatanGameState@c4412c92	{"SCORE":2.0,"SCORE_ADV":-4.0,"ORDINAL":0.5,"OUR_TURN":0.0,"HAS_WON":0.0,"FINAL_ORD":0.0,"ROUND":0.018}	0.200	Trade (p1 to p2 : 2 GRAIN for 1 ORE)	Trade (p1 to p2 : 1 GRAIN for 1 ORE)
3	Node_98	0.00	1	Node_26	games.catan.CatanGameState@4d29e105	{"SCORE":3.0,"SCORE_ADV":-2.0,"ORDINAL":0.5,"OUR_TURN":0.0,"HAS_WON":0.0,"FINAL_ORD":0.0,"ROUND":0.018}	0.300	DoNothing	Trade (p2 to p0 : 1 ORE for 2 BRICK)
3	Node_99	0.00	1	Node_26	games.catan.CatanGameState@8a8d799b	{"SCORE":2.0,"SCORE_ADV":-4.0,"ORDINAL":0.5,"OUR_TURN":0.0,"HAS_WON":0.0,"FINAL_ORD":0.0,"ROUND":0.018}	0.200	Trade (p1 to p0 : 1 ORE for 2 GRAIN)	p1 rejects trade
3	Node_100	0.00	1	Node_26	games.catan.CatanGameState@87d92ce2	{"SCORE":2.0,"SCORE_ADV":-4.0,"ORDINAL":0.5,"OUR_TURN":0.0,"HAS_WON":0.0,"FINAL_ORD":0.0,"ROUND":0.018}	0.200	Trade (p1 to p3 : 1 ORE for 2 WOOL)	Trade (p1 to p3 : 1 ORE for 1 WOOL)
3	Node_101	0.00	1	Node_26	games.catan.CatanGameState@a62a56f9	{"SCORE":2.0,"SCORE_ADV":-4.0,"ORDINAL":0.5,"OUR_TURN":0.0,"HAS_WON":0.0,"FINAL_ORD":0.0,"ROUND":0.018}	0.200	Trade (p1 to p0 : 1 GRAIN for 1 BRICK)	p1 accepts trade (p1 to p0 : 1 GRAIN for 1 BRICK)
3	Node_102	0.00	1	Node_26	games.catan.CatanGameState@20d0e75d	{"SCORE":2.0,"SCORE_ADV":-4.0,"ORDINAL":0.5,"OUR_TURN":0.0,"HAS_WON":0.0,"FINAL_ORD":0.0,"ROUND":0.018}	0.200	Trade (p1 to p2 : 2 GRAIN for 1 WOOL)	p1 rejects trade
3	Node_103	0.00	1	Node_26	games.catan.CatanGameState@2dab7386	{"SCORE":2.0,"SCORE_ADV":-4.0,"ORDINAL":0.5,"OUR_TURN":0.0,"HAS_WON":0.0,"FINAL_ORD":0.0,"ROUND":0.018}	0.200	Trade (p1 to p2 : 1 WOOL for 2 GRAIN)	p1 rejects trade
3	Node_104	0.00	1	Node_26	games.catan.CatanGameState@ea2e5ee4	{"SCORE":2.0,"SCORE_ADV":-4.0,"ORDINAL":0.5,"OUR_TURN":0.0,"HAS_WON":0.0,"FINAL_ORD":0.0,"ROUND":0.018}	0.200	Trade (p1 to p0 : 2 WOOL for 1 BRICK)	p1 rejects trade
3	Node_105	0.00	1	Node_26	games.catan.CatanGameState@95312dcb	{"SCORE":2.0,"SCORE_ADV":-4.0,"ORDINAL":0.5,"OUR_TURN":0.0,"HAS_WON":0.0,"FINAL_ORD":0.0,"ROUND":0.018}	0.200	Trade (p1 to p2 : 2 GRAIN for 2 WOOL)	p1 rejects trade
3	Node_106	0.00	1	Node_26	games.catan.CatanGameState@18fa5bda	{"SCORE":2.0,"SCORE_ADV":-4.0,"ORDINAL":0.5,"OUR_TURN":0.0,"HAS_WON":0.0,"FINAL_ORD":0.0,"ROUND":0.018}	0.200	Trade (p1 to p2 : 1 GRAIN for 2 BRICK)	p1 rejects trade
3	Node_107	0.00	1	Node_26	games.catan.CatanGameState@88f513a4	{"SCORE":2.0,"SCORE_ADV":-4.0,"ORDINAL":0.5,"OUR_TURN":0.0,"HAS_WON":0.0,"FINAL_ORD":0.0,"ROUND":0.018}	0.200	Trade (p1 to p3 : 1 GRAIN for 2 WOOL)	Trade (p1 to p3 : 2 GRAIN for 2 WOOL)
3	Node_108	0.00	1	Node_26	games.catan.CatanGameState@7118552	{"SCORE":2.0,"SCORE_ADV":-4.0,"ORDINAL":0.5,"OUR_TURN":0.0,"HAS_WON":0.0,"FINAL_ORD":0.0,"ROUND":0.018}	0.200	Trade (p1 to p0 : 1 ORE for 1 BRICK)	p1 rejects trade
3	Node_109	0.00	1	Node_26	games.catan.CatanGameState@70c1a52e	{"SCORE":2.0,"SCORE_ADV":-4.0,"ORDINAL":0.5,"OUR_TURN":0.0,"HAS_WON":0.0,"FINAL_ORD":0.0,"ROUND":0.018}	0.200	Trade (p1 to p0 : 2 GRAIN for 1 LUMBER)	p1 rejects trade
3	Node_110	0.00	1	Node_26	games.catan.CatanGameState@b4355ad2	{"SCORE":2.0,"SCORE_ADV":-4.0,"ORDINAL":0.5,"OUR_TURN":0.0,"HAS_WON":0.0,"FINAL_ORD":0.0,"ROUND":0.018}	0.200	Trade (p1 to p2 : 1 WOOL for 2 LUMBER)	p1 rejects trade
3	Node_111	0.00	1	Node_26	games.catan.CatanGameState@6f8853c0	{"SCORE":2.0,"SCORE_ADV":-4.0,"ORDINAL":0.5,"OUR_TURN":0.0,"HAS_WON":0.0,"FINAL_ORD":0.0,"ROUND":0.018}	0.200	Trade (p1 to p3 : 1 GRAIN for 2 LUMBER)	p1 rejects trade
3	Node_112	0.00	1	Node_27	games.catan.CatanGameState@794abc1e	{"SCORE":2.0,"SCORE_ADV":-4.0,"ORDINAL":0.5,"OUR_TURN":0.0,"HAS_WON":0.0,"FINAL_ORD":0.0,"ROUND":0.018}	0.200	Trade (p1 to p3 : 1 WOOL for 2 BRICK)	p1 rejects trade
3	Node_113	0.00	1	Node_27	games.catan.CatanGameState@4eef4489	{"SCORE":2.0,"SCORE_ADV":-4.0,"ORDINAL":0.5,"OUR_TURN":0.0,"HAS_WON":0.0,"FINAL_ORD":0.0,"ROUND":0.018}	0.200	Trade (p1 to p2 : 2 GRAIN for 1 BRICK)	p1 rejects trade
3	Node_114	0.00	1	Node_27	games.catan.CatanGameState@4baf0076	{"SCORE":2.0,"SCORE_ADV":-4.0,"ORDINAL":0.5,"OUR_TURN":0.0,"HAS_WON":0.0,"FINAL_ORD":0.0,"ROUND":0.018}	0.200	Trade (p1 to p3 : 2 GRAIN for 2 ORE)	p1 rejects trade
3	Node_115	0.00	1	Node_27	games.catan.CatanGameState@a199e0c4	{"SCORE":2.0,"SCORE_ADV":-4.0,"ORDINAL":0.5,"OUR_TURN":0.0,"HAS_WON":0.0,"FINAL_ORD":0.0,"ROUND":0.018}	0.200	Trade (p1 to p0 : 1 WOOL for 2 ORE)	p1 rejects trade
3	Node_116	0.00	1	Node_27	games.catan.CatanGameState@d23caae3	{"SCORE":2.0,"SCORE_ADV":-4.0,"ORDINAL":0.5,"OUR_TURN":0.0,"HAS_WON":0.0,"FINAL_ORD":0.0,"ROUND":0.018}	0.200	Trade (p1 to p0 : 1 ORE for 2 LUMBER)	p1 rejects trade
3	Node_117	0.00	1	Node_27	games.catan.CatanGameState@41a6c037	{"SCORE":2.0,"SCORE_ADV":-4.0,"ORDINAL":0.5,"OUR_TURN":0.0,"HAS_WON":0.0,"FINAL_ORD":0.0,"ROUND":0.018}	0.200	Trade (p1 to p2 : 1 GRAIN for 2 BRICK)	p1 rejects trade
3	Node_118	0.00	1	Node_27	games.catan.CatanGameState@6c249c28	{"SCORE":2.0,"SCORE_ADV":-4.0,"ORDINAL":0.5,"OUR_TURN":0.0,"HAS_WON":0.0,"FINAL_ORD":0.0,"ROUND":0.018}	0.200	Trade (p1 to p2 : 1 GRAIN for 2 WOOL)	p1 rejects trade
3	Node_119	0.00	1	Node_27	games.catan.CatanGameState@63e2de9	{"SCORE":2.0,"SCORE_ADV":-4.0,"ORDINAL":0.5,"OUR_TURN":0.0,"HAS_WON":0.0,"FINAL_ORD":0.0,"ROUND":0.018}	0.200	Trade (p1 to p3 : 2 GRAIN for 2 LUMBER)	p1 rejects trade
3	Node_120	0.00	1	Node_27	games.catan.CatanGameState@1420626b	{"SCORE":2.0,"SCORE_ADV":-4.0,"ORDINAL":0.5,"OUR_TURN":0.0,"HAS_WON":0.0,"FINAL_ORD":0.0,"ROUND":0.018}	0.200	Trade (p1 to p0 : 1 ORE for 2 BRICK)	p1 rejects trade
3	Node_121	0.00	1	Node_27	games.catan.CatanGameState@db50575b	{"SCORE":2.0,"SCORE_ADV":-4.0,"ORDINAL":0.5,"OUR_TURN":0.0,"HAS_WON":0.0,"FINAL_ORD":0.0,"ROUND":0.018}	0.200	Trade (p1 to p3 : 2 GRAIN for 1 LUMBER)	p1 rejects trade
3	Node_122	0.00	1	Node_27	games.catan.CatanGameState@8de6a07a	{"SCORE":2.0,"SCORE_ADV":-4.0,"ORDINAL":0.5,"OUR_TURN":0.0,"HAS_WON":0.0,"FINAL_ORD":0.0,"ROUND":0.018}	0.200	Trade (p1 to p0 : 1 GRAIN for 2 ORE)	p1 rejects trade
3	Node_123	0.00	1	Node_27	games.catan.CatanGameState@4eadaf72	{"SCORE":2.0,"SCORE_ADV":-4.0,"ORDINAL":0.5,"OUR_TURN":0.0,"HAS_WON":0.0,"FINAL_ORD":0.0,"ROUND":0.018}	0.200	Trade (p1 to p2 : 1 WOOL for 1 ORE)	Trade (p1 to p2 : 1 WOOL for 2 ORE)
3	Node_124	0.00	1	Node_27	games.catan.CatanGameState@b868d03a	{"SCORE":2.0,"SCORE_ADV":-4.0,"ORDINAL":0.5,"OUR_TURN":0.0,"HAS_WON":0.0,"FINAL_ORD":0.0,"ROUND":0.018}	0.200	Trade (p1 to p2 : 1 GRAIN for 1 WOOL)	p1 rejects trade
3	Node_125	0.00	1	Node_28	games.catan.CatanGameState@da79fa6b	{"SCORE":2.0,"SCORE_ADV":-4.0,"ORDINAL":0.5,"OUR_TURN":0.0,"HAS_WON":0.0,"FINAL_ORD":0.0,"ROUND":0.018}	0.200	Trade (p1 to p2 : 1 WOOL for 1 LUMBER)	p1 rejects trade
3	Node_126	0.00	1	Node_28	games.catan.CatanGameState@2a1048f3	{"SCORE":2.0,"SCORE_ADV":-4.0,"ORDINAL":0.5,"OUR_TURN":0.0,"HAS_WON":0.0,"FINAL_ORD":0.0,"ROUND":0.018}	0.200	Trade (p1 to p2 : 1 WOOL for 2 BRICK)	Trade (p1 to p2 : 1 WOOL for 1 BRICK)
3	Node_127	0.00	1	Node_28	games.catan.CatanGameState@914b1877	{"SCORE":2.0,"SCORE_ADV":-4.0,"ORDINAL":0.5,"OUR_TURN":0.0,"HAS_WON":0.0,"FINAL_ORD":0.0,"ROUND":0.018}	0.200	Trade (p1 to p0 : 1 ORE for 1 WOOL)	Trade (p1 to p0 : 1 ORE for 2 WOOL)
3	Node_128	0.00	1	Node_28	games.catan.CatanGameState@c6e1238b	{"SCORE":2.0,"SCORE_ADV":-4.0,"ORDINAL":0.5,"OUR_TURN":0.0,"HAS_WON":0.0,"FINAL_ORD":0.0,"ROUND":0.018}	0.200	Trade (p1 to p2 : 1 WOOL for 1 BRICK)	p1 rejects trade
3	Node_129	0.00	1	Node_28	games.catan.CatanGameState@37a61289	{"SCORE":2.0,"SCORE_ADV":-4.0,"ORDINAL":0.5,"OUR_TURN":0.0,"HAS_WON":0.0,"FINAL_ORD":0.0,"ROUND":0.018}	0.200	Trade (p1 to p3 : 1 ORE for 1 GRAIN)	p1 rejects trade
3	Node_130	0.00	1	Node_28	games.catan.CatanGameState@2f6304ca	{"SCORE":2.0,"SCORE_ADV":-4.0,"ORDINAL":0.5,"OUR_TURN":0.0,"HAS_WON":0.0,"FINAL_ORD":0.0,"ROUND":0.018}	0.200	Trade (p1 to p3 : 2 GRAIN for 2 ORE)	p1 rejects trade
3	Node_131	0.00	1	Node_28	games.catan.CatanGameState@11030cad	{"SCORE":2.0,"SCORE_ADV":-4.0,"ORDINAL":0.5,"OUR_TURN":0.0,"HAS_WON":0.0,"FINAL_ORD":0.0,"ROUND":0.018}	0.200	Trade (p1 to p3 : 2 WOOL for 1 BRICK)	p1 rejects trade
3	Node_132	0.00	1	Node_28	games.catan.CatanGameState@28cd95f4	{"SCORE":2.0,"SCORE_ADV":-4.0,"ORDINAL":0.5,"OUR_TURN":0.0,"HAS_WON":0.0,"FINAL_ORD":0.0,"ROUND":0.018}	0.200	Trade (p1 to p3 : 1 ORE for 1 LUMBER)	p1 rejects trade
3	Node_133	0.00	1	Node_28	games.catan.CatanGameState@e41f47cc	{"SCORE":2.0,"SCORE_ADV":-4.0,"ORDINAL":0.5,"OUR_TURN":0.0,"HAS_WON":0.0,"FINAL_ORD":0.0,"ROUND":0.018}	0.200	Trade (p1 to p2 : 1 GRAIN for 2 ORE)	Trade (p1 to p2 : 1 GRAIN for 1 ORE)
3	Node_134	0.00	1	Node_28	games.catan.CatanGameState@923477ec	{"SCORE":2.0,"SCORE_ADV":-4.0,"ORDINAL":0.5,"OUR_TURN":0.0,"HAS_WON":0.0,"FINAL_ORD":0.0,"ROUND":0.018}	0.200	Trade (p1 to p0 : 1 WOOL for 1 GRAIN)	p1 rejects trade
3	Node_135	0.00	1	Node_28	games.catan.CatanGameState@e011e629	{"SCORE":2.0,"SCORE_ADV":-4.0,"ORDINAL":0.5,"OUR_TURN":0.0,"HAS_WON":0.0,"FINAL_ORD":0.0,"ROUND":0.018}	0.200	Trade (p1 to p3 : 2 WOOL for 1 ORE)	p1 rejects trade
3	Node_136	0.00	1	Node_28	games.catan.CatanGameState@1939fbcb	{"SCORE":2.0,"SCORE_ADV":-4.0,"ORDINAL":0.5,"OUR_TURN":0.0,"HAS_WON":0.0,"FINAL_ORD":0.0,"ROUND":0.018}	0.200	Trade (p1 to p0 : 1 WOOL for 2 GRAIN)	p1 rejects trade
3	Node_137	0.00	1	Node_28	games.catan.CatanGameState@24a4ca1b	{"SCORE":2.0,"SCORE_ADV":-4.0,"ORDINAL":0.5,"OUR_TURN":0.0,"HAS_WON":0.0,"FINAL_ORD":0.0,"ROUND":0.018}	0.200	Trade (p1 to p2 : 1 GRAIN for 1 WOOL)	p1 rejects trade
3	Node_138	0.00	1	Node_29	games.catan.CatanGameState@9640ea3e	{"SCORE":2.0,"SCORE_ADV":-4.0,"ORDINAL":0.5,"OUR_TURN":0.0,"HAS_WON":0.0,"FINAL_ORD":0.0,"ROUND":0.018}	0.200	Trade (p1 to p3 : 1 GRAIN for 1 LUMBER)	p1 rejects trade
3	Node_139	0.00	1	Node_29	games.catan.CatanGameState@30f26ebc	{"SCORE":2.0,"SCORE_ADV":-4.0,"ORDINAL":0.5,"OUR_TURN":0.0,"HAS_WON":0.0,"FINAL_ORD":0.0,"ROUND":0.018}	0.200	Trade (p1 to p0 : 1 ORE for 1 WOOL)	Trade (p1 to p0 : 1 ORE for 2 WOOL)
3	Node_140	0.00	1	Node_29	games.catan.CatanGameState@32992348	{"SCORE":2.0,"SCORE_ADV":-4.0,"ORDINAL":0.5,"OUR_TURN":0.0,"HAS_WON":0.0,"FINAL_ORD":0.0,"ROUND":0.018}	0.200	Trade (p1 to p3 : 1 ORE for 1 WOOL)	p1 rejects trade
3	Node_141	0.00	1	Node_29	games.catan.CatanGameState@3a8e862b	{"SCORE":2.0,"SCORE_ADV":-4.0,"ORDINAL":0.5,"OUR_TURN":0.0,"HAS_WON":0.0,"FINAL_ORD":0.0,"ROUND":0.018}	0.200	Trade (p1 to p3 : 1 GRAIN for 1 BRICK)	p1 rejects trade
3	Node_142	0.00	1	Node_29	games.catan.CatanGameState@45a6ec0b	{"SCORE":2.0,"SCORE_ADV":-4.0,"ORDINAL":0.5,"OUR_TURN":0.0,"HAS_WON":0.0,"FINAL_ORD":0.0,"ROUND":0.018}	0.200	Trade (p1 to p3 : 2 WOOL for 2 BRICK)	p1 rejects trade
3	Node_143	0.00	1	Node_29	games.catan.CatanGameState@8c7be1bf	{"SCORE":2.0,"SCORE_ADV":-4.0,"ORDINAL":0.5,"OUR_TURN":0.0,"HAS_WON":0.0,"FINAL_ORD":0.0,"ROUND":0.018}	0.200	Trade (p1 to p3 : 2 WOOL for 1 LUMBER)	p1 rejects trade
3	Node_144	0.00	1	Node_29	games.catan.CatanGameState@f8bcb5c0	{"SCORE":2.0,"SCORE_ADV":-4.0,"ORDINAL":0.5,"OUR_TURN":0.0,"HAS_WON":0.0,"FINAL_ORD":0.0,"ROUND":0.018}	0.200	Trade (p1 to p0 : 1 GRAIN for 1 WOOL)	p1 rejects trade
3	Node_145	0.00	1	Node_29	games.catan.CatanGameState@764d71df	{"SCORE":2.0,"SCORE_ADV":-4.0,"ORDINAL":0.5,"OUR_TURN":0.0,"HAS_WON":0.0,"FINAL_ORD":0.0,"ROUND":0.018}	0.200	Trade (p1 to p3 : 1 WOOL for 1 GRAIN)	Trade (p1 to p3 : 2 WOOL for 1 GRAIN)
3	Node_146	0.00	1	Node_29	games.catan.CatanGameState@ce5e474c	{"SCORE":2.0,"SCORE_ADV":-4.0,"ORDINAL":0.5,"OUR_TURN":0.0,"HAS_WON":0.0,"FINAL_ORD":0.0,"ROUND":0.018}	0.200	Trade (p1 to p2 : 1 ORE for 2 GRAIN)	p1 rejects trade
3	Node_147	0.00	1	Node_29	games.catan.CatanGameState@a5b402eb	{"SCORE":2.0,"SCORE_ADV":-4.0,"ORDINAL":0.5,"OUR_TURN":0.0,"HAS_WON":0.0,"FINAL_ORD":0.0,"ROUND":0.018}	0.200	Trade (p1 to p2 : 2 WOOL for 1 ORE)	Trade (p1 to p2 : 1 WOOL for 2 ORE)
3	Node_148	0.00	1	Node_29	games.catan.CatanGameState@e031b1e3	{"SCORE":2.0,"SCORE_ADV":-4.0,"ORDINAL":0.5,"OUR_TURN":0.0,"HAS_WON":0.0,"FINAL_ORD":0.0,"ROUND":0.018}	0.200	Trade (p1 to p0 : 2 GRAIN for 1 ORE)	p1 rejects trade
3	Node_149	0.00	1	Node_29	games.catan.CatanGameState@7ee01c3f	{"SCORE":2.0,"SCORE_ADV":-4.0,"ORDINAL":0.5,"OUR_TURN":0.0,"HAS_WON":0.0,"FINAL_ORD":0.0,"ROUND":0.018}	0.200	Trade (p1 to p2 : 1 ORE for 2 BRICK)	p1 rejects trade
3	Node_150	0.00	1	Node_29	games.catan.CatanGameState@57deb682	{"SCORE":2.0,"SCORE_ADV":-4.0,"ORDINAL":0.5,"OUR_TURN":0.0,"HAS_WON":0.0,"FINAL_ORD":0.0,"ROUND":0.018}	0.200	Trade (p1 to p3 : 2 WOOL for 2 LUMBER)	p1 rejects trade
3	Node_151	0.00	1	Node_29	games.catan.CatanGameState@55edb2cb	{"SCORE":2.0,"SCORE_ADV":-4.0,"ORDINAL":0.5,"OUR_TURN":0.0,"HAS_WON":0.0,"FINAL_ORD":0.0,"ROUND":0.018}	0.200	Trade (p1 to p2 : 2 GRAIN for 1 ORE)	Trade (p1 to p2 : 1 GRAIN for 1 ORE)
3	Node_152	0.00	1	Node_30	games.catan.CatanGameState@1bdf47a2	{"SCORE":2.0,"SCORE_ADV":-4.0,"ORDINAL":0.5,"OUR_TURN":0.0,"HAS_WON":0.0,"FINAL_ORD":0.0,"ROUND":0.018}	0.200	Trade (p1 to p2 : 1 WOOL for 1 LUMBER)	p1 rejects trade
3	Node_153	0.00	1	Node_30	games.catan.CatanGameState@22fb9937	{"SCORE":2.0,"SCORE_ADV":-4.0,"ORDINAL":0.5,"OUR_TURN":0.0,"HAS_WON":0.0,"FINAL_ORD":0.0,"ROUND":0.018}	0.200	Trade (p1 to p2 : 1 GRAIN for 1 LUMBER)	p1 rejects trade
3	Node_154	0.00	1	Node_30	games.catan.CatanGameState@27fecb2a	{"SCORE":2.0,"SCORE_ADV":-4.0,"ORDINAL":0.5,"OUR_TURN":0.0,"HAS_WON":0.0,"FINAL_ORD":0.0,"ROUND":0.018}	0.200	Trade (p1 to p0 : 1 GRAIN for 2 BRICK)	p1 rejects trade
3	Node_155	0.00	1	Node_30	games.catan.CatanGameState@faf89667	{"SCORE":2.0,"SCORE_ADV":-4.0,"ORDINAL":0.5,"OUR_TURN":0.0,"HAS_WON":0.0,"FINAL_ORD":0.0,"ROUND":0.018}	0.200	Trade (p1 to p3 : 1 GRAIN for 2 BRICK)	p1 rejects trade
3	Node_156	0.00	1	Node_30	games.catan.CatanGameState@5e4a30eb	{"SCORE":2.0,"SCORE_ADV":-4.0,"ORDINAL":0.5,"OUR_TURN":0.0,"HAS_WON":0.0,"FINAL_ORD":0.0,"ROUND":0.018}	0.200	Trade (p1 to p0 : 1 ORE for 1 WOOL)	Trade (p1 to p0 : 1 ORE for 2 WOOL)
3	Node_157	0.00	1	Node_30	games.catan.CatanGameState@3e39a615	{"SCORE":2.0,"SCORE_ADV":-4.0,"ORDINAL":0.5,"OUR_TURN":0.0,"HAS_WON":0.0,"FINAL_ORD":0.0,"ROUND":0.018}	0.200	Trade (p1 to p2 : 1 WOOL for 1 BRICK)	p1 rejects trade
3	Node_158	0.00	1	Node_30	games.catan.CatanGameState@fef1d7d5	{"SCORE":2.0,"SCORE_ADV":-4.0,"ORDINAL":0.5,"OUR_TURN":0.0,"HAS_WON":0.0,"FINAL_ORD":0.0,"ROUND":0.018}	0.200	Trade (p1 to p2 : 1 ORE for 2 GRAIN)	p1 rejects trade
3	Node_159	0.00	1	Node_30	games.catan.CatanGameState@8692baa4	{"SCORE":2.0,"SCORE_ADV":-4.0,"ORDINAL":0.5,"OUR_TURN":0.0,"HAS_WON":0.0,"FINAL_ORD":0.0,"ROUND":0.018}	0.200	Trade (p1 to p2 : 1 ORE for 2 BRICK)	p1 rejects trade
3	Node_160	0.00	1	Node_30	games.catan.CatanGameState@7f57511a	{"SCORE":2.0,"SCORE_ADV":-4.0,"ORDINAL":0.5,"OUR_TURN":0.0,"HAS_WON":0.0,"FINAL_ORD":0.0,"ROUND":0.018}	0.200	Trade (p1 to p0 : 1 GRAIN for 1 ORE)	p1 rejects trade
3	Node_161	0.00	1	Node_30	games.catan.CatanGameState@81aba7c0	{"SCORE":2.0,"SCORE_ADV":-4.0,"ORDINAL":0.5,"OUR_TURN":0.0,"HAS_WON":0.0,"FINAL_ORD":0.0,"ROUND":0.018}	0.200	Trade (p1 to p2 : 1 ORE for 1 BRICK)	p1 rejects trade
3	Node_162	0.00	1	Node_30	games.catan.CatanGameState@ff7e4611	{"SCORE":2.0,"SCORE_ADV":-4.0,"ORDINAL":0.5,"OUR_TURN":0.0,"HAS_WON":0.0,"FINAL_ORD":0.0,"ROUND":0.018}	0.200	Trade (p1 to p0 : 2 GRAIN for 1 LUMBER)	p1 rejects trade
3	Node_163	0.00	1	Node_30	games.catan.CatanGameState@351b94ba	{"SCORE":2.0,"SCORE_ADV":-4.0,"ORDINAL":0.5,"OUR_TURN":0.0,"HAS_WON":0.0,"FINAL_ORD":0.0,"ROUND":0.018}	0.200	Trade (p1 to p0 : 1 ORE for 2 WOOL)	p1 rejects trade
3	Node_164	0.00	1	Node_30	games.catan.CatanGameState@e0b4e1a	{"SCORE":2.0,"SCORE_ADV":-4.0,"ORDINAL":0.5,"OUR_TURN":0.0,"HAS_WON":0.0,"FINAL_ORD":0.0,"ROUND":0.018}	0.200	Trade (p1 to p0 : 1 GRAIN for 1 LUMBER)	p1 rejects trade
3	Node_165	0.00	1	Node_30	games.catan.CatanGameState@3d4ed4b0	{"SCORE":2.0,"SCORE_ADV":-4.0,"ORDINAL":0.5,"OUR_TURN":0.0,"HAS_WON":0.0,"FINAL_ORD":0.0,"ROUND":0.018}	0.200	Trade (p1 to p3 : 1 GRAIN for 2 LUMBER)	p1 rejects trade
3	Node_166	0.00	1	Node_31	games.catan.CatanGameState@dafbcf82	{"SCORE":2.0,"SCORE_ADV":-4.0,"ORDINAL":0.5,"OUR_TURN":0.0,"HAS_WON":0.0,"FINAL_ORD":0.0,"ROUND":0.018}	0.200	Trade (p1 to p2 : 1 WOOL for 1 LUMBER)	p1 rejects trade
3	Node_167	0.00	1	Node_31	games.catan.CatanGameState@cf00ccff	{"SCORE":2.0,"SCORE_ADV":-4.0,"ORDINAL":0.5,"OUR_TURN":0.0,"HAS_WON":0.0,"FINAL_ORD":0.0,"ROUND":0.018}	0.200	Trade (p1 to p3 : 1 WOOL for 1 LUMBER)	p1 rejects trade
3	Node_168	0.00	1	Node_31	games.catan.CatanGameState@12bab45b	{"SCORE":2.0,"SCORE_ADV":-4.0,"ORDINAL":0.5,"OUR_TURN":0.0,"HAS_WON":0.0,"FINAL_ORD":0.0,"ROUND":0.018}	0.200	Trade (p1 to p0 : 2 GRAIN for 1 WOOL)	p1 accepts trade (p1 to p0 : 2 GRAIN for 1 WOOL)
3	Node_169	0.00	1	Node_31	games.catan.CatanGameState@ed660c9a	{"SCORE":2.0,"SCORE_ADV":-4.0,"ORDINAL":0.5,"OUR_TURN":0.0,"HAS_WON":0.0,"FINAL_ORD":0.0,"ROUND":0.018}	0.200	Trade (p1 to p2 : 1 ORE for 1 GRAIN)	p1 rejects trade
3	Node_170	0.00	1	Node_31	games.catan.CatanGameState@8b32c415	{"SCORE":2.0,"SCORE_ADV":-4.0,"ORDINAL":0.5,"OUR_TURN":0.0,"HAS_WON":0.0,"FINAL_ORD":0.0,"ROUND":0.018}	0.200	Trade (p1 to p3 : 1 WOOL for 2 GRAIN)	Trade (p1 to p3 : 2 WOOL for 1 GRAIN)
3	Node_171	0.00	1	Node_31	games.catan.CatanGameState@e02e76c3	{"SCORE":2.0,"SCORE_ADV":-4.0,"ORDINAL":0.5,"OUR_TURN":0.0,"HAS_WON":0.0,"FINAL_ORD":0.0,"ROUND":0.018}	0.200	Trade (p1 to p3 : 2 WOOL for 1 LUMBER)	p1 rejects trade
3	Node_172	0.00	1	Node_31	games.catan.CatanGameState@b3831194	{"SCORE":2.0,"SCORE_ADV":-4.0,"ORDINAL":0.5,"OUR_TURN":0.0,"HAS_WON":0.0,"FINAL_ORD":0.0,"ROUND":0.018}	0.200	Trade (p1 to p3 : 2 GRAIN for 2 ORE)	p1 rejects trade
3	Node_173	0.00	1	Node_31	games.catan.CatanGameState@a358ad29	{"SCORE":2.0,"SCORE_ADV":-4.0,"ORDINAL":0.5,"OUR_TURN":0.0,"HAS_WON":0.0,"FINAL_ORD":0.0,"ROUND":0.018}	0.200	Trade (p1 to p2 : 2 GRAIN for 2 LUMBER)	p1 rejects trade
3	Node_174	0.00	1	Node_31	games.catan.CatanGameState@a702480d	{"SCORE":2.0,"SCORE_ADV":-4.0,"ORDINAL":0.5,"OUR_TURN":0.0,"HAS_WON":0.0,"FINAL_ORD":0.0,"ROUND":0.018}	0.200	Trade (p1 to p0 : 2 WOOL for 2 BRICK)	p1 rejects trade
3	Node_175	0.00	1	Node_31	games.catan.CatanGameState@b43e7f	{"SCORE":2.0,"SCORE_ADV":-4.0,"ORDINAL":0.5,"OUR_TURN":0.0,"HAS_WON":0.0,"FINAL_ORD":0.0,"ROUND":0.018}	0.200	Trade (p1 to p3 : 2 GRAIN for 2 LUMBER)	p1 rejects trade
3	Node_176	0.00	1	Node_31	games.catan.CatanGameState@1e6a9eec	{"SCORE":2.0,"SCORE_ADV":-4.0,"ORDINAL":0.5,"OUR_TURN":0.0,"HAS_WON":0.0,"FINAL_ORD":0.0,"ROUND":0.018}	0.200	Trade (p1 to p2 : 2 WOOL for 1 LUMBER)	p1 rejects trade
3	Node_177	0.00	1	Node_31	games.catan.CatanGameState@5306f8bf	{"SCORE":2.0,"SCORE_ADV":-4.0,"ORDINAL":0.5,"OUR_TURN":0.0,"HAS_WON":0.0,"FINAL_ORD":0.0,"ROUND":0.018}	0.200	Trade (p1 to p2 : 1 GRAIN for 1 ORE)	p1 rejects trade
3	Node_178	0.00	1	Node_31	games.catan.CatanGameState@3ae7f9d	{"SCORE":2.0,"SCORE_ADV":-4.0,"ORDINAL":0.5,"OUR_TURN":0.0,"HAS_WON":0.0,"FINAL_ORD":0.0,"ROUND":0.018}	0.200	Trade (p1 to p2 : 1 WOOL for 2 LUMBER)	p1 rejects trade
3	Node_179	0.00	1	Node_32	games.catan.CatanGameState@a6b10d5a	{"SCORE":2.0,"SCORE_ADV":-4.0,"ORDINAL":0.5,"OUR_TURN":0.0,"HAS_WON":0.0,"FINAL_ORD":0.0,"ROUND":0.018}	0.200	Trade (p1 to p2 : 1 WOOL for 1 LUMBER)	p1 rejects trade
3	Node_180	0.00	1	Node_32	games.catan.CatanGameState@839c17a1	{"SCORE":2.0,"SCORE_ADV":-4.0,"ORDINAL":0.5,"OUR_TURN":0.0,"HAS_WON":0.0,"FINAL_ORD":0.0,"ROUND":0.018}	0.200	Trade (p1 to p0 : 1 WOOL for 1 BRICK)	p1 rejects trade
3	Node_181	0.00	1	Node_32	games.catan.CatanGameState@231098a5	{"SCORE":2.0,"SCORE_ADV":-4.0,"ORDINAL":0.5,"OUR_TURN":0.0,"HAS_WON":0.0,"FINAL_ORD":0.0,"ROUND":0.018}	0.200	Trade (p1 to p3 : 2 GRAIN for 1 BRICK)	p1 rejects trade
3	Node_182	0.00	1	Node_32	games.catan.CatanGameState@61bef17a	{"SCORE":2.0,"SCORE_ADV":-4.0,"ORDINAL":0.5,"OUR_TURN":0.0,"HAS_WON":0.0,"FINAL_ORD":0.0,"ROUND":0.018}	0.200	Trade (p1 to p3 : 1 GRAIN for 1 LUMBER)	p1 rejects trade
3	Node_183	0.00	1	Node_32	games.catan.CatanGameState@c83fa451	{"SCORE":2.0,"SCORE_ADV":-4.0,"ORDINAL":0.5,"OUR_TURN":0.0,"HAS_WON":0.0,"FINAL_ORD":0.0,"ROUND":0.018}	0.200	Trade (p1 to p0 : 2 GRAIN for 2 WOOL)	p1 rejects trade
3	Node_184	0.00	1	Node_32	games.catan.CatanGameState@13e95d9f	{"SCORE":2.0,"SCORE_ADV":-4.0,"ORDINAL":0.5,"OUR_TURN":0.0,"HAS_WON":0.0,"FINAL_ORD":0.0,"ROUND":0.018}	0.200	Trade (p1 to p2 : 1 GRAIN for 2 LUMBER)	p1 rejects trade
3	Node_185	0.00	1	Node_32	games.catan.CatanGameState@9b7e59a3	{"SCORE":2.0,"SCORE_ADV":-4.0,"ORDINAL":0.5,"OUR_TURN":0.0,"HAS_WON":0.0,"FINAL_ORD":0.0,"ROUND":0.018}	0.200	Trade (p1 to p2 : 1 WOOL for 2 GRAIN)	p1 rejects trade
3	Node_186	0.00	1	Node_32	games.catan.CatanGameState@2716524	{"SCORE":2.0,"SCORE_ADV":-4.0,"ORDINAL":0.5,"OUR_TURN":0.0,"HAS_WON":0.0,"FINAL_ORD":0.0,"ROUND":0.018}	0.200	Trade (p1 to p2 : 1 ORE for 2 GRAIN)	p1 rejects trade
3	Node_187	0.00	1	Node_32	games.catan.CatanGameState@7ebab28f	{"SCORE":2.0,"SCORE_ADV":-4.0,"ORDINAL":0.5,"OUR_TURN":0.0,"HAS_WON":0.0,"FINAL_ORD":0.0,"ROUND":0.018}	0.200	Trade (p1 to p0 : 2 WOOL for 1 BRICK)	p1 rejects trade
3	Node_188	0.00	1	Node_32	games.catan.CatanGameState@c9c6dc49	{"SCORE":2.0,"SCORE_ADV":-4.0,"ORDINAL":0.5,"OUR_TURN":0.0,"HAS_WON":0.0,"FINAL_ORD":0.0,"ROUND":0.018}	0.200	Trade (p1 to p2 : 2 WOOL for 2 LUMBER)	p1 rejects trade
3	Node_189	0.00	1	Node_32	games.catan.CatanGameState@194fcd93	{"SCORE":2.0,"SCORE_ADV":-4.0,"ORDINAL":0.5,"OUR_TURN":0.0,"HAS_WON":0.0,"FINAL_ORD":0.0,"ROUND":0.018}	0.200	Trade (p1 to p0 : 1 ORE for 1 BRICK)	p1 rejects trade
3	Node_190	0.00	1	Node_32	games.catan.CatanGameState@76618621	{"SCORE":2.0,"SCORE_ADV":-4.0,"ORDINAL":0.5,"OUR_TURN":0.0,"HAS_WON":0.0,"FINAL_ORD":0.0,"ROUND":0.018}	0.200	Trade (p1 to p2 : 1 WOOL for 2 ORE)	Trade (p1 to p2 : 2 WOOL for 1 ORE)
3	Node_191	0.00	1	Node_32	games.catan.CatanGameState@d9f8a713	{"SCORE":2.0,"SCORE_ADV":-4.0,"ORDINAL":0.5,"OUR_TURN":0.0,"HAS_WON":0.0,"FINAL_ORD":0.0,"ROUND":0.018}	0.200	Trade (p1 to p3 : 1 GRAIN for 2 ORE)	p1 rejects trade
3	Node_192	0.00	1	Node_33	games.catan.CatanGameState@87db9927	{"SCORE":2.0,"SCORE_ADV":-4.0,"ORDINAL":0.5,"OUR_TURN":0.0,"HAS_WON":0.0,"FINAL_ORD":0.0,"ROUND":0.018}	0.200	Trade (p1 to p3 : 1 ORE for 2 WOOL)	Trade (p1 to p3 : 1 ORE for 1 WOOL)
3	Node_193	0.00	1	Node_33	games.catan.CatanGameState@4c0b6279	{"SCORE":2.0,"SCORE_ADV":-4.0,"ORDINAL":0.5,"OUR_TURN":0.0,"HAS_WON":0.0,"FINAL_ORD":0.0,"ROUND":0.018}	0.200	Trade (p1 to p3 : 1 ORE for 1 WOOL)	p1 rejects trade
3	Node_194	0.00	1	Node_33	games.catan.CatanGameState@485e012c	{"SCORE":2.0,"SCORE_ADV":-4.0,"ORDINAL":0.5,"OUR_TURN":0.0,"HAS_WON":0.0,"FINAL_ORD":0.0,"ROUND":0.018}	0.200	Trade (p1 to p2 : 1 WOOL for 1 GRAIN)	p1 rejects trade
3	Node_195	0.00	1	Node_33	games.catan.CatanGameState@ed9350f1	{"SCORE":2.0,"SCORE_ADV":-4.0,"ORDINAL":0.5,"OUR_TURN":0.0,"HAS_WON":0.0,"FINAL_ORD":0.0,"ROUND":0.018}	0.200	Trade (p1 to p0 : 2 GRAIN for 2 LUMBER)	p1 rejects trade
3	Node_196	0.00	1	Node_33	games.catan.CatanGameState@d11b0057	{"SCORE":2.0,"SCORE_ADV":-4.0,"ORDINAL":0.5,"OUR_TURN":0.0,"HAS_WON":0.0,"FINAL_ORD":0.0,"ROUND":0.018}	0.200	Trade (p1 to p3 : 1 ORE for 1 GRAIN)	p1 rejects trade
3	Node_197	0.00	1	Node_33	games.catan.CatanGameState@81cdf666	{"SCORE":2.0,"SCORE_ADV":-4.0,"ORDINAL":0.5,"OUR_TURN":0.0,"HAS_WON":0.0,"FINAL_ORD":0.0,"ROUND":0.018}	0.200	Trade (p1 to p3 : 2 GRAIN for 2 ORE)	p1 rejects trade
3	Node_198	0.00	1	Node_33	games.catan.CatanGameState@832839b1	{"SCORE":2.0,"SCORE_ADV":-4.0,"ORDINAL":0.5,"OUR_TURN":0.0,"HAS_WON":0.0,"FINAL_ORD":0.0,"ROUND":0.018}	0.200	Trade (p1 to p0 : 1 WOOL for 2 ORE)	p1 rejects trade
3	Node_199	0.00	1	Node_33	games.catan.CatanGameState@c0467a55	{"SCORE":2.0,"SCORE_ADV":-4.0,"ORDINAL":0.5,"OUR_TURN":0.0,"HAS_WON":0.0,"FINAL_ORD":0.0,"ROUND":0.018}	0.200	Trade (p1 to p3 : 1 GRAIN for 2 WOOL)	Trade (p1 to p3 : 2 GRAIN for 2 WOOL)
3	Node_200	0.00	1	Node_33	games.catan.CatanGameState@9bbac679	{"SCORE":2.0,"SCORE_ADV":-4.0,"ORDINAL":0.5,"OUR_TURN":0.0,"HAS_WON":0.0,"FINAL_ORD":0.0,"ROUND":0.018}	0.200	Trade (p1 to p2 : 1 ORE for 2 BRICK)	p1 rejects trade
3	Node_201	0.00	1	Node_33	games.catan.CatanGameState@f25ff0f9	{"SCORE":2.0,"SCORE_ADV":-4.0,"ORDINAL":0.5,"OUR_TURN":0.0,"HAS_WON":0.0,"FINAL_ORD":0.0,"ROUND":0.018}	0.200	Trade (p1 to p2 : 1 ORE for 1 BRICK)	p1 rejects trade
3	Node_202	0.00	1	Node_33	games.catan.CatanGameState@9428f3ba	{"SCORE":2.0,"SCORE_ADV":-4.0,"ORDINAL":0.5,"OUR_TURN":0.0,"HAS_WON":0.0,"FINAL_ORD":0.0,"ROUND":0.018}	0.200	Trade (p1 to p0 : 1 GRAIN for 2 ORE)	p1 rejects trade
3	Node_203	0.00	1	Node_33	games.catan.CatanGameState@65ea6923	{"SCORE":2.0,"SCORE_ADV":-4.0,"ORDINAL":0.5,"OUR_TURN":0.0,"HAS_WON":0.0,"FINAL_ORD":0.0,"ROUND":0.018}	0.200	Trade (p1 to p0 : 1 WOOL for 2 GRAIN)	p1 rejects trade
3	Node_204	0.00	1	Node_33	games.catan.CatanGameState@bc97f880	{"SCORE":2.0,"SCORE_ADV":-4.0,"ORDINAL":0.5,"OUR_TURN":0.0,"HAS_WON":0.0,"FINAL_ORD":0.0,"ROUND":0.018}	0.200	Trade (p1 to p2 : 2 GRAIN for 1 ORE)	Trade (p1 to p2 : 1 GRAIN for 1 ORE)
3	Node_205	0.00	1	Node_33	games.catan.CatanGameState@f52406eb	{"SCORE":2.0,"SCORE_ADV":-4.0,"ORDINAL":0.5,"OUR_TURN":0.0,"HAS_WON":0.0,"FINAL_ORD":0.0,"ROUND":0.018}	0.200	Trade (p1 to p0 : 2 GRAIN for 1 BRICK)	p1 rejects trade
3	Node_206	0.00	1	Node_34	games.catan.CatanGameState@247d8085	{"SCORE":2.0,"SCORE_ADV":-4.0,"ORDINAL":0.5,"OUR_TURN":0.0,"HAS_WON":0.0,"FINAL_ORD":0.0,"ROUND":0.018}	0.200	Trade (p1 to p3 : 2 WOOL for 1 GRAIN)	p1 rejects trade
3	Node_207	0.00	1	Node_34	games.catan.CatanGameState@dfaca0ff	{"SCORE":2.0,"SCORE_ADV":-4.0,"ORDINAL":0.5,"OUR_TURN":0.0,"HAS_WON":0.0,"FINAL_ORD":0.0,"ROUND":0.018}	0.200	Trade (p1 to p3 : 1 WOOL for 2 LUMBER)	p1 rejects trade
3	Node_208	0.00	1	Node_34	games.catan.CatanGameState@bffd4232	{"SCORE":2.0,"SCORE_ADV":-4.0,"ORDINAL":0.5,"OUR_TURN":0.0,"HAS_WON":0.0,"FINAL_ORD":0.0,"ROUND":0.018}	0.200	Trade (p1 to p3 : 2 GRAIN for 2 WOOL)	p1 rejects trade
3	Node_209	0.00	1	Node_34	games.catan.CatanGameState@6c21f410	{"SCORE":2.0,"SCORE_ADV":-4.0,"ORDINAL":0.5,"OUR_TURN":0.0,"HAS_WON":0.0,"FINAL_ORD":0.0,"ROUND":0.018}	0.200	Trade (p1 to p3 : 1 GRAIN for 1 WOOL)	Trade (p1 to p3 : 2 GRAIN for 2 WOOL)
3	Node_210	0.00	1	Node_34	games.catan.CatanGameState@a8186399	{"SCORE":2.0,"SCORE_ADV":-4.0,"ORDINAL":0.5,"OUR_TURN":0.0,"HAS_WON":0.0,"FINAL_ORD":0.0,"ROUND":0.018}	0.200	Trade (p1 to p3 : 2 GRAIN for 2 BRICK)	p1 rejects trade
3	Node_211	0.00	1	Node_34	games.catan.CatanGameState@cd7761dd	{"SCORE":2.0,"SCORE_ADV":-4.0,"ORDINAL":0.5,"OUR_TURN":0.0,"HAS_WON":0.0,"FINAL_ORD":0.0,"ROUND":0.018}	0.200	Trade (p1 to p3 : 1 ORE for 2 GRAIN)	p1 rejects trade
3	Node_212	0.00	1	Node_34	games.catan.CatanGameState@649848c6	{"SCORE":2.0,"SCORE_ADV":-4.0,"ORDINAL":0.5,"OUR_TURN":0.0,"HAS_WON":0.0,"FINAL_ORD":0.0,"ROUND":0.018}	0.200	Trade (p1 to p2 : 1 ORE for 2 LUMBER)	p1 rejects trade
3	Node_213	0.00	1	Node_34	games.catan.CatanGameState@d77d01ae	{"SCORE":2.0,"SCORE_ADV":-4.0,"ORDINAL":0.5,"OUR_TURN":0.0,"HAS_WON":0.0,"FINAL_ORD":0.0,"ROUND":0.018}	0.200	Trade (p1 to p2 : 1 ORE for 2 GRAIN)	p1 rejects trade
3	Node_214	0.00	1	Node_34	games.catan.CatanGameState@ff0aa918	{"SCORE":2.0,"SCORE_ADV":-4.0,"ORDINAL":0.5,"OUR_TURN":0.0,"HAS_WON":0.0,"FINAL_ORD":0.0,"ROUND":0.018}	0.200	Trade (p1 to p3 : 2 WOOL for 1 BRICK)	p1 rejects trade
3	Node_215	0.00	1	Node_34	games.catan.CatanGameState@82e3fd42	{"SCORE":2.0,"SCORE_ADV":-4.0,"ORDINAL":0.5,"OUR_TURN":0.0,"HAS_WON":0.0,"FINAL_ORD":0.0,"ROUND":0.018}	0.200	Trade (p1 to p2 : 1 ORE for 1 LUMBER)	Trade (p1 to p2 : 1 ORE for 2 LUMBER)
3	Node_216	0.00	1	Node_34	games.catan.CatanGameState@45028d5d	{"SCORE":2.0,"SCORE_ADV":-4.0,"ORDINAL":0.5,"OUR_TURN":0.0,"HAS_WON":0.0,"FINAL_ORD":0.0,"ROUND":0.018}	0.200	Trade (p1 to p2 : 2 GRAIN for 2 WOOL)	p1 rejects trade
3	Node_217	0.00	1	Node_34	games.catan.CatanGameState@348dc055	{"SCORE":2.0,"SCORE_ADV":-4.0,"ORDINAL":0.5,"OUR_TURN":0.0,"HAS_WON":0.0,"FINAL_ORD":0.0,"ROUND":0.018}	0.200	Trade (p1 to p3 : 2 GRAIN for 1 ORE)	p1 rejects trade
3	Node_218	0.00	1	Node_34	games.catan.CatanGameState@b6cc7466	{"SCORE":2.0,"SCORE_ADV":-4.0,"ORDINAL":0.5,"OUR_TURN":0.0,"HAS_WON":0.0,"FINAL_ORD":0.0,"ROUND":0.018}	0.200	Trade (p1 to p3 : 1 GRAIN for 2 LUMBER)	p1 rejects trade
3	Node_219	0.00	1	Node_35	games.catan.CatanGameState@10571db6	{"SCORE":2.0,"SCORE_ADV":-4.0,"ORDINAL":0.5,"OUR_TURN":0.0,"HAS_WON":0.0,"FINAL_ORD":0.0,"ROUND":0.018}	0.200	Trade (p1 to p0 : 1 ORE for 2 GRAIN)	p1 rejects trade
3	Node_220	0.00	1	Node_35	games.catan.CatanGameState@48890422	{"SCORE":2.0,"SCORE_ADV":-4.0,"ORDINAL":0.5,"OUR_TURN":0.0,"HAS_WON":0.0,"FINAL_ORD":0.0,"ROUND":0.018}	0.200	Trade (p1 to p0 : 1 ORE for 1 WOOL)	Trade (p1 to p0 : 1 ORE for 2 WOOL)
3	Node_221	0.00	1	Node_35	games.catan.CatanGameState@a7ddd632	{"SCORE":2.0,"SCORE_ADV":-4.0,"ORDINAL":0.5,"OUR_TURN":0.0,"HAS_WON":0.0,"FINAL_ORD":0.0,"ROUND":0.018}	0.200	Trade (p1 to p2 : 2 GRAIN for 2 ORE)	Trade (p1 to p2 : 1 GRAIN for 1 ORE)
3	Node_222	0.00	1	Node_35	games.catan.CatanGameState@e6a9f938	{"SCORE":2.0,"SCORE_ADV":-4.0,"ORDINAL":0.5,"OUR_TURN":0.0,"HAS_WON":0.0,"FINAL_ORD":0.0,"ROUND":0.018}	0.200	Trade (p1 to p3 : 2 GRAIN for 2 BRICK)	p1 rejects trade
3	Node_223	0.00	1	Node_35	games.catan.CatanGameState@ad05c12f	{"SCORE":2.0,"SCORE_ADV":-4.0,"ORDINAL":0.5,"OUR_TURN":0.0,"HAS_WON":0.0,"FINAL_ORD":0.0,"ROUND":0.018}	0.200	Trade (p1 to p2 : 1 ORE for 1 GRAIN)	p1 rejects trade
3	Node_224	0.00	1	Node_35	games.catan.CatanGameState@c5a91376	{"SCORE":2.0,"SCORE_ADV":-4.0,"ORDINAL":0.5,"OUR_TURN":0.0,"HAS_WON":0.0,"FINAL_ORD":0.0,"ROUND":0.018}	0.200	Trade (p1 to p2 : 2 WOOL for 2 LUMBER)	p1 rejects trade
3	Node_225	0.00	1	Node_35	games.catan.CatanGameState@de0c6a88	{"SCORE":2.0,"SCORE_ADV":-4.0,"ORDINAL":0.5,"OUR_TURN":0.0,"HAS_WON":0.0,"FINAL_ORD":0.0,"ROUND":0.018}	0.200	Trade (p1 to p0 : 2 WOOL for 2 BRICK)	p1 rejects trade
3	Node_226	0.00	1	Node_35	games.catan.CatanGameState@c1415775	{"SCORE":2.0,"SCORE_ADV":-4.0,"ORDINAL":0.5,"OUR_TURN":0.0,"HAS_WON":0.0,"FINAL_ORD":0.0,"ROUND":0.018}	0.200	Trade (p1 to p0 : 1 ORE for 1 BRICK)	p1 rejects trade
3	Node_227	0.00	1	Node_35	games.catan.CatanGameState@38cfe625	{"SCORE":2.0,"SCORE_ADV":-4.0,"ORDINAL":0.5,"OUR_TURN":0.0,"HAS_WON":0.0,"FINAL_ORD":0.0,"ROUND":0.018}	0.200	Trade (p1 to p3 : 2 WOOL for 1 ORE)	p1 rejects trade
3	Node_228	0.00	1	Node_35	games.catan.CatanGameState@a0f4c182	{"SCORE":2.0,"SCORE_ADV":-4.0,"ORDINAL":0.5,"OUR_TURN":0.0,"HAS_WON":0.0,"FINAL_ORD":0.0,"ROUND":0.018}	0.200	Trade (p1 to p3 : 2 WOOL for 2 ORE)	p1 rejects trade
3	Node_229	0.00	1	Node_35	games.catan.CatanGameState@2c37e7e2	{"SCORE":2.0,"SCORE_ADV":-4.0,"ORDINAL":0.5,"OUR_TURN":0.0,"HAS_WON":0.0,"FINAL_ORD":0.0,"ROUND":0.018}	0.200	Trade (p1 to p0 : 2 WOOL for 1 ORE)	p1 rejects trade
3	Node_230	0.00	1	Node_35	games.catan.CatanGameState@d420f70d	{"SCORE":2.0,"SCORE_ADV":-4.0,"ORDINAL":0.5,"OUR_TURN":0.0,"HAS_WON":0.0,"FINAL_ORD":0.0,"ROUND":0.018}	0.200	Trade (p1 to p3 : 1 ORE for 1 BRICK)	p1 rejects trade
3	Node_231	0.00	1	Node_35	games.catan.CatanGameState@dbc29ac2	{"SCORE":2.0,"SCORE_ADV":-4.0,"ORDINAL":0.5,"OUR_TURN":0.0,"HAS_WON":0.0,"FINAL_ORD":0.0,"ROUND":0.018}	0.200	Trade (p1 to p0 : 2 WOOL for 2 GRAIN)	p1 rejects trade
3	Node_232	0.00	1	Node_36	games.catan.CatanGameState@d57e4c58	{"SCORE":2.0,"SCORE_ADV":-4.0,"ORDINAL":0.5,"OUR_TURN":0.0,"HAS_WON":0.0,"FINAL_ORD":0.0,"ROUND":0.018}	0.200	Trade (p1 to p3 : 1 GRAIN for 1 LUMBER)	p1 rejects trade
3	Node_233	0.00	1	Node_36	games.catan.CatanGameState@ed755784	{"SCORE":2.0,"SCORE_ADV":-4.0,"ORDINAL":0.5,"OUR_TURN":0.0,"HAS_WON":0.0,"FINAL_ORD":0.0,"ROUND":0.018}	0.200	Trade (p1 to p3 : 2 GRAIN for 2 WOOL)	p1 rejects trade
3	Node_234	0.00	1	Node_36	games.catan.CatanGameState@ca5115c6	{"SCORE":2.0,"SCORE_ADV":-4.0,"ORDINAL":0.5,"OUR_TURN":0.0,"HAS_WON":0.0,"FINAL_ORD":0.0,"ROUND":0.018}	0.200	Trade (p1 to p2 : 1 ORE for 1 GRAIN)	p1 rejects trade
3	Node_235	0.00	1	Node_36	games.catan.CatanGameState@4bfcd337	{"SCORE":2.0,"SCORE_ADV":-4.0,"ORDINAL":0.5,"OUR_TURN":0.0,"HAS_WON":0.0,"FINAL_ORD":0.0,"ROUND":0.018}	0.200	Trade (p1 to p0 : 1 ORE for 1 LUMBER)	p1 rejects trade
3	Node_236	0.00	1	Node_36	games.catan.CatanGameState@165af5e0	{"SCORE":2.0,"SCORE_ADV":-4.0,"ORDINAL":0.5,"OUR_TURN":0.0,"HAS_WON":0.0,"FINAL_ORD":0.0,"ROUND":0.018}	0.200	Trade (p1 to p2 : 1 GRAIN for 1 BRICK)	p1 rejects trade
3	Node_237	0.00	1	Node_36	games.catan.CatanGameState@9ab7a631	{"SCORE":2.0,"SCORE_ADV":-4.0,"ORDINAL":0.5,"OUR_TURN":0.0,"HAS_WON":0.0,"FINAL_ORD":0.0,"ROUND":0.018}	0.200	Trade (p1 to p0 : 1 GRAIN for 1 WOOL)	p1 rejects trade
3	Node_238	0.00	1	Node_36	games.catan.CatanGameState@e08c4a51	{"SCORE":2.0,"SCORE_ADV":-4.0,"ORDINAL":0.5,"OUR_TURN":0.0,"HAS_WON":0.0,"FINAL_ORD":0.0,"ROUND":0.018}	0.200	Trade (p1 to p3 : 2 GRAIN for 2 LUMBER)	p1 rejects trade
3	Node_239	0.00	1	Node_36	games.catan.CatanGameState@23500fc8	{"SCORE":2.0,"SCORE_ADV":-4.0,"ORDINAL":0.5,"OUR_TURN":0.0,"HAS_WON":0.0,"FINAL_ORD":0.0,"ROUND":0.018}	0.200	Trade (p1 to p2 : 1 WOOL for 2 ORE)	p1 rejects trade
3	Node_240	0.00	1	Node_36	games.catan.CatanGameState@eb150849	{"SCORE":2.0,"SCORE_ADV":-4.0,"ORDINAL":0.5,"OUR_TURN":0.0,"HAS_WON":0.0,"FINAL_ORD":0.0,"ROUND":0.018}	0.200	Trade (p1 to p3 : 1 GRAIN for 2 ORE)	p1 rejects trade
3	Node_241	0.00	1	Node_36	games.catan.CatanGameState@a4a897f8	{"SCORE":2.0,"SCORE_ADV":-4.0,"ORDINAL":0.5,"OUR_TURN":0.0,"HAS_WON":0.0,"FINAL_ORD":0.0,"ROUND":0.018}	0.200	Trade (p1 to p3 : 1 ORE for 2 BRICK)	p1 rejects trade
3	Node_242	0.00	1	Node_36	games.catan.CatanGameState@586ca984	{"SCORE":2.0,"SCORE_ADV":-4.0,"ORDINAL":0.5,"OUR_TURN":0.0,"HAS_WON":0.0,"FINAL_ORD":0.0,"ROUND":0.018}	0.200	Trade (p1 to p0 : 1 ORE for 2 BRICK)	p1 rejects trade
3	Node_243	0.00	1	Node_36	games.catan.CatanGameState@54cd4d0a	{"SCORE":2.0,"SCORE_ADV":-4.0,"ORDINAL":0.5,"OUR_TURN":0.0,"HAS_WON":0.0,"FINAL_ORD":0.0,"ROUND":0.018}	0.200	Trade (p1 to p2 : 1 WOOL for 1 ORE)	Trade (p1 to p2 : 1 WOOL for 2 ORE)
3	Node_244	0.00	1	Node_36	games.catan.CatanGameState@f04375ee	{"SCORE":2.0,"SCORE_ADV":-4.0,"ORDINAL":0.5,"OUR_TURN":0.0,"HAS_WON":0.0,"FINAL_ORD":0.0,"ROUND":0.018}	0.200	Trade (p1 to p0 : 1 ORE for 2 WOOL)	p1 rejects trade
3	Node_245	0.00	1	Node_36	games.catan.CatanGameState@ac688411	{"SCORE":2.0,"SCORE_ADV":-4.0,"ORDINAL":0.5,"OUR_TURN":0.0,"HAS_WON":0.0,"FINAL_ORD":0.0,"ROUND":0.018}	0.200	Trade (p1 to p3 : 1 GRAIN for 1 ORE)	p1 rejects trade
3	Node_246	0.00	1	Node_37	games.catan.CatanGameState@976498e	{"SCORE":2.0,"SCORE_ADV":-4.0,"ORDINAL":0.5,"OUR_TURN":0.0,"HAS_WON":0.0,"FINAL_ORD":0.0,"ROUND":0.018}	0.200	Trade (p1 to p3 : 1 ORE for 1 WOOL)	p1 rejects trade
3	Node_247	0.00	1	Node_37	games.catan.CatanGameState@330a4cc1	{"SCORE":2.0,"SCORE_ADV":-4.0,"ORDINAL":0.5,"OUR_TURN":0.0,"HAS_WON":0.0,"FINAL_ORD":0.0,"ROUND":0.018}	0.200	Trade (p1 to p2 : 1 WOOL for 1 GRAIN)	p1 rejects trade
3	Node_248	0.00	1	Node_37	games.catan.CatanGameState@3edb2c84	{"SCORE":2.0,"SCORE_ADV":-4.0,"ORDINAL":0.5,"OUR_TURN":0.0,"HAS_WON":0.0,"FINAL_ORD":0.0,"ROUND":0.018}	0.200	Trade (p1 to p3 : 2 GRAIN for 1 WOOL)	Trade (p1 to p3 : 2 GRAIN for 2 WOOL)
3	Node_249	0.00	1	Node_37	games.catan.CatanGameState@4acf1768	{"SCORE":2.0,"SCORE_ADV":-4.0,"ORDINAL":0.5,"OUR_TURN":0.0,"HAS_WON":0.0,"FINAL_ORD":0.0,"ROUND":0.018}	0.200	Trade (p1 to p3 : 2 GRAIN for 2 ORE)	p1 rejects trade
3	Node_250	0.00	1	Node_37	games.catan.CatanGameState@6aebe09e	{"SCORE":2.0,"SCORE_ADV":-4.0,"ORDINAL":0.5,"OUR_TURN":0.0,"HAS_WON":0.0,"FINAL_ORD":0.0,"ROUND":0.018}	0.200	Trade (p1 to p3 : 1 WOOL for 1 GRAIN)	Trade (p1 to p3 : 2 WOOL for 1 GRAIN)
3	Node_251	0.00	1	Node_37	games.catan.CatanGameState@c0021f29	{"SCORE":2.0,"SCORE_ADV":-4.0,"ORDINAL":0.5,"OUR_TURN":0.0,"HAS_WON":0.0,"FINAL_ORD":0.0,"ROUND":0.018}	0.200	Trade (p1 to p3 : 2 WOOL for 1 BRICK)	p1 rejects trade
3	Node_252	0.00	1	Node_37	games.catan.CatanGameState@9dea46ee	{"SCORE":2.0,"SCORE_ADV":-4.0,"ORDINAL":0.5,"OUR_TURN":0.0,"HAS_WON":0.0,"FINAL_ORD":0.0,"ROUND":0.018}	0.200	Trade (p1 to p2 : 1 GRAIN for 2 BRICK)	p1 rejects trade
3	Node_253	0.00	1	Node_37	games.catan.CatanGameState@d58cb6e3	{"SCORE":2.0,"SCORE_ADV":-4.0,"ORDINAL":0.5,"OUR_TURN":0.0,"HAS_WON":0.0,"FINAL_ORD":0.0,"ROUND":0.018}	0.200	Trade (p1 to p0 : 1 GRAIN for 2 WOOL)	p1 rejects trade
3	Node_254	0.00	1	Node_37	games.catan.CatanGameState@49767ce8	{"SCORE":2.0,"SCORE_ADV":-4.0,"ORDINAL":0.5,"OUR_TURN":0.0,"HAS_WON":0.0,"FINAL_ORD":0.0,"ROUND":0.018}	0.200	Trade (p1 to p2 : 1 ORE for 2 BRICK)	p1 rejects trade
3	Node_255	0.00	1	Node_37	games.catan.CatanGameState@65a7ffbd	{"SCORE":2.0,"SCORE_ADV":-4.0,"ORDINAL":0.5,"OUR_TURN":0.0,"HAS_WON":0.0,"FINAL_ORD":0.0,"ROUND":0.018}	0.200	Trade (p1 to p2 : 1 ORE for 1 BRICK)	p1 rejects trade
3	Node_256	0.00	1	Node_37	games.catan.CatanGameState@8771b99	{"SCORE":2.0,"SCORE_ADV":-4.0,"ORDINAL":0.5,"OUR_TURN":0.0,"HAS_WON":0.0,"FINAL_ORD":0.0,"ROUND":0.018}	0.200	Trade (p1 to p3 : 2 GRAIN for 1 LUMBER)	p1 rejects trade
3	Node_257	0.00	1	Node_37	games.catan.CatanGameState@691f9a82	{"SCORE":2.0,"SCORE_ADV":-4.0,"ORDINAL":0.5,"OUR_TURN":0.0,"HAS_WON":0.0,"FINAL_ORD":0.0,"ROUND":0.018}	0.200	Trade (p1 to p3 : 1 WOOL for 1 BRICK)	p1 rejects trade
3	Node_258	0.00	1	Node_37	games.catan.CatanGameState@2afa390d	{"SCORE":2.0,"SCORE_ADV":-4.0,"ORDINAL":0.5,"OUR_TURN":0.0,"HAS_WON":0.0,"FINAL_ORD":0.0,"ROUND":0.018}	0.200	Trade (p1 to p2 : 2 WOOL for 1 BRICK)	Trade (p1 to p2 : 1 WOOL for 1 BRICK)
3	Node_259	0.00	1	Node_37	games.catan.CatanGameState@47069ef4	{"SCORE":2.0,"SCORE_ADV":-4.0,"ORDINAL":0.5,"OUR_TURN":0.0,"HAS_WON":0.0,"FINAL_ORD":0.0,"ROUND":0.018}	0.200	Trade (p1 to p0 : 2 GRAIN for 1 BRICK)	p1 rejects trade
3	Node_260	0.00	1	Node_38	games.catan.CatanGameState@e532cc65	{"SCORE":2.0,"SCORE_ADV":-4.0,"ORDINAL":0.5,"OUR_TURN":0.0,"HAS_WON":0.0,"FINAL_ORD":0.0,"ROUND":0.018}	0.200	Trade (p1 to p0 : 1 ORE for 2 GRAIN)	p1 rejects trade
3	Node_261	0.00	1	Node_38	games.catan.CatanGameState@6b8c4231	{"SCORE":2.0,"SCORE_ADV":-4.0,"ORDINAL":0.5,"OUR_TURN":0.0,"HAS_WON":0.0,"FINAL_ORD":0.0,"ROUND":0.018}	0.200	p1 Buy:DevelopmentCard	Trade (p1 to p3 : 1 GRAIN for 2 WOOL)
3	Node_262	0.00	1	Node_38	games.catan.CatanGameState@f644323a	{"SCORE":2.0,"SCORE_ADV":-4.0,"ORDINAL":0.5,"OUR_TURN":0.0,"HAS_WON":0.0,"FINAL_ORD":0.0,"ROUND":0.018}	0.200	Trade (p1 to p3 : 1 WOOL for 2 GRAIN)	Trade (p1 to p3 : 2 WOOL for 1 GRAIN)
3	Node_263	0.00	1	Node_38	games.catan.CatanGameState@8e6a73cf	{"SCORE":2.0,"SCORE_ADV":-4.0,"ORDINAL":0.5,"OUR_TURN":0.0,"HAS_WON":0.0,"FINAL_ORD":0.0,"ROUND":0.018}	0.200	Trade (p1 to p0 : 1 ORE for 1 LUMBER)	p1 rejects trade
3	Node_264	0.00	1	Node_38	games.catan.CatanGameState@5d126290	{"SCORE":2.0,"SCORE_ADV":-4.0,"ORDINAL":0.5,"OUR_TURN":0.0,"HAS_WON":0.0,"FINAL_ORD":0.0,"ROUND":0.018}	0.200	Trade (p1 to p0 : 2 GRAIN for 2 LUMBER)	p1 rejects trade
3	Node_265	0.00	1	Node_38	games.catan.CatanGameState@e2640559	{"SCORE":2.0,"SCORE_ADV":-4.0,"ORDINAL":0.5,"OUR_TURN":0.0,"HAS_WON":0.0,"FINAL_ORD":0.0,"ROUND":0.018}	0.200	Trade (p1 to p0 : 1 ORE for 2 LUMBER)	p1 rejects trade
3	Node_266	0.00	1	Node_38	games.catan.CatanGameState@1446444e	{"SCORE":2.0,"SCORE_ADV":-4.0,"ORDINAL":0.5,"OUR_TURN":0.0,"HAS_WON":0.0,"FINAL_ORD":0.0,"ROUND":0.018}	0.200	Trade (p1 to p2 : 1 GRAIN for 2 BRICK)	p1 rejects trade
3	Node_267	0.00	1	Node_38	games.catan.CatanGameState@19b5bd9a	{"SCORE":2.0,"SCORE_ADV":-4.0,"ORDINAL":0.5,"OUR_TURN":0.0,"HAS_WON":0.0,"FINAL_ORD":0.0,"ROUND":0.018}	0.200	Trade (p1 to p2 : 1 ORE for 2 BRICK)	p1 rejects trade
3	Node_268	0.00	1	Node_38	games.catan.CatanGameState@91ed7e31	{"SCORE":2.0,"SCORE_ADV":-4.0,"ORDINAL":0.5,"OUR_TURN":0.0,"HAS_WON":0.0,"FINAL_ORD":0.0,"ROUND":0.018}	0.200	Trade (p1 to p2 : 2 WOOL for 1 GRAIN)	p1 rejects trade
3	Node_269	0.00	1	Node_38	games.catan.CatanGameState@490ead55	{"SCORE":2.0,"SCORE_ADV":-4.0,"ORDINAL":0.5,"OUR_TURN":0.0,"HAS_WON":0.0,"FINAL_ORD":0.0,"ROUND":0.018}	0.200	Trade (p1 to p3 : 1 GRAIN for 2 ORE)	p1 rejects trade
3	Node_270	0.00	1	Node_38	games.catan.CatanGameState@2f32b02e	{"SCORE":2.0,"SCORE_ADV":-4.0,"ORDINAL":0.5,"OUR_TURN":0.0,"HAS_WON":0.0,"FINAL_ORD":0.0,"ROUND":0.018}	0.200	Trade (p1 to p0 : 2 WOOL for 1 ORE)	p1 rejects trade
3	Node_271	0.00	1	Node_38	games.catan.CatanGameState@6360c53e	{"SCORE":2.0,"SCORE_ADV":-4.0,"ORDINAL":0.5,"OUR_TURN":0.0,"HAS_WON":0.0,"FINAL_ORD":0.0,"ROUND":0.018}	0.200	Trade (p1 to p3 : 1 GRAIN for 1 ORE)	p1 rejects trade
3	Node_272	0.00	1	Node_38	games.catan.CatanGameState@2607920f	{"SCORE":2.0,"SCORE_ADV":-4.0,"ORDINAL":0.5,"OUR_TURN":0.0,"HAS_WON":0.0,"FINAL_ORD":0.0,"ROUND":0.018}	0.200	Trade (p1 to p2 : 2 GRAIN for 2 BRICK)	p1 rejects trade
3	Node_273	0.00	1	Node_38	games.catan.CatanGameState@93e3ecee	{"SCORE":2.0,"SCORE_ADV":-4.0,"ORDINAL":0.5,"OUR_TURN":0.0,"HAS_WON":0.0,"FINAL_ORD":0.0,"ROUND":0.018}	0.200	Trade (p1 to p3 : 1 GRAIN for 2 LUMBER)	p1 rejects trade
3	Node_274	0.00	1	Node_39	games.catan.CatanGameState@ee7b4b0e	{"SCORE":2.0,"SCORE_ADV":-4.0,"ORDINAL":0.5,"OUR_TURN":0.0,"HAS_WON":0.0,"FINAL_ORD":0.0,"ROUND":0.018}	0.200	Trade (p1 to p2 : 1 ORE for 1 WOOL)	p1 rejects trade
3	Node_275	0.00	1	Node_39	games.catan.CatanGameState@f16e6039	{"SCORE":2.0,"SCORE_ADV":-4.0,"ORDINAL":0.5,"OUR_TURN":0.0,"HAS_WON":0.0,"FINAL_ORD":0.0,"ROUND":0.018}	0.200	Trade (p1 to p2 : 1 GRAIN for 1 LUMBER)	p1 rejects trade
3	Node_276	0.00	1	Node_39	games.catan.CatanGameState@66acc406	{"SCORE":2.0,"SCORE_ADV":-4.0,"ORDINAL":0.5,"OUR_TURN":0.0,"HAS_WON":0.0,"FINAL_ORD":0.0,"ROUND":0.018}	0.200	Trade (p1 to p3 : 1 GRAIN for 1 LUMBER)	p1 rejects trade
3	Node_277	0.00	1	Node_39	games.catan.CatanGameState@29268a30	{"SCORE":2.0,"SCORE_ADV":-4.0,"ORDINAL":0.5,"OUR_TURN":0.0,"HAS_WON":0.0,"FINAL_ORD":0.0,"ROUND":0.018}	0.200	Trade (p1 to p3 : 1 ORE for 1 WOOL)	p1 rejects trade
3	Node_278	0.00	1	Node_39	games.catan.CatanGameState@9e194670	{"SCORE":2.0,"SCORE_ADV":-4.0,"ORDINAL":0.5,"OUR_TURN":0.0,"HAS_WON":0.0,"FINAL_ORD":0.0,"ROUND":0.018}	0.200	Trade (p1 to p3 : 2 WOOL for 1 LUMBER)	p1 rejects trade
3	Node_279	0.00	1	Node_39	games.catan.CatanGameState@954198ef	{"SCORE":2.0,"SCORE_ADV":-4.0,"ORDINAL":0.5,"OUR_TURN":0.0,"HAS_WON":0.0,"FINAL_ORD":0.0,"ROUND":0.018}	0.200	Trade (p1 to p3 : 2 GRAIN for 1 ORE)	p1 rejects trade
3	Node_280	0.00	1	Node_39	games.catan.CatanGameState@86dd6e42	{"SCORE":2.0,"SCORE_ADV":-4.0,"ORDINAL":0.5,"OUR_TURN":0.0,"HAS_WON":0.0,"FINAL_ORD":0.0,"ROUND":0.018}	0.200	Trade (p1 to p2 : 1 GRAIN for 2 ORE)	Trade (p1 to p2 : 1 GRAIN for 1 ORE)
3	Node_281	0.00	1	Node_39	games.catan.CatanGameState@ff8ffc01	{"SCORE":2.0,"SCORE_ADV":-4.0,"ORDINAL":0.5,"OUR_TURN":0.0,"HAS_WON":0.0,"FINAL_ORD":0.0,"ROUND":0.018}	0.200	Trade (p1 to p0 : 2 WOOL for 1 LUMBER)	Trade (p1 to p0 : 1 WOOL for 2 LUMBER)
3	Node_282	0.00	1	Node_39	games.catan.CatanGameState@6db364e	{"SCORE":2.0,"SCORE_ADV":-4.0,"ORDINAL":0.5,"OUR_TURN":0.0,"HAS_WON":0.0,"FINAL_ORD":0.0,"ROUND":0.018}	0.200	Trade (p1 to p2 : 1 WOOL for 2 ORE)	Trade (p1 to p2 : 2 WOOL for 1 ORE)
3	Node_283	0.00	1	Node_39	games.catan.CatanGameState@3f155129	{"SCORE":2.0,"SCORE_ADV":-4.0,"ORDINAL":0.5,"OUR_TURN":0.0,"HAS_WON":0.0,"FINAL_ORD":0.0,"ROUND":0.018}	0.200	Trade (p1 to p0 : 2 GRAIN for 1 LUMBER)	p1 rejects trade
3	Node_284	0.00	1	Node_39	games.catan.CatanGameState@b162d813	{"SCORE":2.0,"SCORE_ADV":-4.0,"ORDINAL":0.5,"OUR_TURN":0.0,"HAS_WON":0.0,"FINAL_ORD":0.0,"ROUND":0.018}	0.200	Trade (p1 to p0 : 2 WOOL for 1 GRAIN)	p1 rejects trade
3	Node_285	0.00	1	Node_39	games.catan.CatanGameState@e6cf874a	{"SCORE":2.0,"SCORE_ADV":-4.0,"ORDINAL":0.5,"OUR_TURN":0.0,"HAS_WON":0.0,"FINAL_ORD":0.0,"ROUND":0.018}	0.200	Trade (p1 to p2 : 1 ORE for 2 LUMBER)	p1 rejects trade
3	Node_286	0.00	1	Node_39	games.catan.CatanGameState@eb37c663	{"SCORE":2.0,"SCORE_ADV":-4.0,"ORDINAL":0.5,"OUR_TURN":0.0,"HAS_WON":0.0,"FINAL_ORD":0.0,"ROUND":0.018}	0.200	Trade (p1 to p0 : 2 GRAIN for 1 BRICK)	p1 rejects trade
3	Node_287	0.00	1	Node_39	games.catan.CatanGameState@d8c959a6	{"SCORE":2.0,"SCORE_ADV":-4.0,"ORDINAL":0.5,"OUR_TURN":0.0,"HAS_WON":0.0,"FINAL_ORD":0.0,"ROUND":0.018}	0.200	Trade (p1 to p2 : 1 ORE for 1 LUMBER)	Trade (p1 to p2 : 1 ORE for 2 LUMBER)
3	Node_288	0.00	1	Node_40	games.catan.CatanGameState@84ba2547	{"SCORE":2.0,"SCORE_ADV":-4.0,"ORDINAL":0.5,"OUR_TURN":0.0,"HAS_WON":0.0,"FINAL_ORD":0.0,"ROUND":0.018}	0.200	Trade (p1 to p3 : 1 WOOL for 2 LUMBER)	p1 rejects trade
3	Node_289	0.00	1	Node_40	games.catan.CatanGameState@35a6fad6	{"SCORE":2.0,"SCORE_ADV":-4.0,"ORDINAL":0.5,"OUR_TURN":0.0,"HAS_WON":0.0,"FINAL_ORD":0.0,"ROUND":0.018}	0.200	Trade (p1 to p3 : 1 GRAIN for 1 LUMBER)	p1 rejects trade
3	Node_290	0.00	1	Node_40	games.catan.CatanGameState@6f458a58	{"SCORE":2.0,"SCORE_ADV":-4.0,"ORDINAL":0.5,"OUR_TURN":0.0,"HAS_WON":0.0,"FINAL_ORD":0.0,"ROUND":0.018}	0.200	Trade (p1 to p2 : 1 WOOL for 1 BRICK)	p1 rejects trade
3	Node_291	0.00	1	Node_40	games.catan.CatanGameState@a3c16919	{"SCORE":2.0,"SCORE_ADV":-4.0,"ORDINAL":0.5,"OUR_TURN":0.0,"HAS_WON":0.0,"FINAL_ORD":0.0,"ROUND":0.018}	0.200	Trade (p1 to p2 : 1 WOOL for 1 GRAIN)	p1 rejects trade
3	Node_292	0.00	1	Node_40	games.catan.CatanGameState@c23cf20c	{"SCORE":2.0,"SCORE_ADV":-4.0,"ORDINAL":0.5,"OUR_TURN":0.0,"HAS_WON":0.0,"FINAL_ORD":0.0,"ROUND":0.018}	0.200	Trade (p1 to p3 : 2 WOOL for 2 BRICK)	p1 rejects trade
3	Node_293	0.00	1	Node_40	games.catan.CatanGameState@48716996	{"SCORE":2.0,"SCORE_ADV":-4.0,"ORDINAL":0.5,"OUR_TURN":0.0,"HAS_WON":0.0,"FINAL_ORD":0.0,"ROUND":0.018}	0.200	Trade (p1 to p2 : 1 GRAIN for 2 BRICK)	p1 rejects trade
3	Node_294	0.00	1	Node_40	games.catan.CatanGameState@fa877b2d	{"SCORE":2.0,"SCORE_ADV":-4.0,"ORDINAL":0.5,"OUR_TURN":0.0,"HAS_WON":0.0,"FINAL_ORD":0.0,"ROUND":0.018}	0.200	Trade (p1 to p0 : 1 GRAIN for 2 WOOL)	p1 rejects trade
3	Node_295	0.00	1	Node_40	games.catan.CatanGameState@9915ee0f	{"SCORE":2.0,"SCORE_ADV":-4.0,"ORDINAL":0.5,"OUR_TURN":0.0,"HAS_WON":0.0,"FINAL_ORD":0.0,"ROUND":0.018}	0.200	Trade (p1 to p2 : 1 GRAIN for 2 ORE)	Trade (p1 to p2 : 1 GRAIN for 1 ORE)
3	Node_296	0.00	1	Node_40	games.catan.CatanGameState@60424d96	{"SCORE":2.0,"SCORE_ADV":-4.0,"ORDINAL":0.5,"OUR_TURN":0.0,"HAS_WON":0.0,"FINAL_ORD":0.0,"ROUND":0.018}	0.200	Trade (p1 to p0 : 2 WOOL for 2 LUMBER)	Trade (p1 to p0 : 1 WOOL for 2 LUMBER)
3	Node_297	0.00	1	Node_40	games.catan.CatanGameState@759669cf	{"SCORE":2.0,"SCORE_ADV":-4.0,"ORDINAL":0.5,"OUR_TURN":0.0,"HAS_WON":0.0,"FINAL_ORD":0.0,"ROUND":0.018}	0.200	Trade (p1 to p0 : 2 WOOL for 1 GRAIN)	p1 rejects trade
3	Node_298	0.00	1	Node_40	games.catan.CatanGameState@be3853e0	{"SCORE":2.0,"SCORE_ADV":-4.0,"ORDINAL":0.5,"OUR_TURN":0.0,"HAS_WON":0.0,"FINAL_ORD":0.0,"ROUND":0.018}	0.200	Trade (p1 to p3 : 1 WOOL for 1 BRICK)	p1 rejects trade
3	Node_299	0.00	1	Node_40	games.catan.CatanGameState@b93281de	{"SCORE":2.0,"SCORE_ADV":-4.0,"ORDINAL":0.5,"OUR_TURN":0.0,"HAS_WON":0.0,"FINAL_ORD":0.0,"ROUND":0.018}	0.200	Trade (p1 to p0 : 1 ORE for 2 WOOL)	p1 rejects trade
3	Node_300	0.00	1	Node_40	games.catan.CatanGameState@96d261e8	{"SCORE":2.0,"SCORE_ADV":-4.0,"ORDINAL":0.5,"OUR_TURN":0.0,"HAS_WON":0.0,"FINAL_ORD":0.0,"ROUND":0.018}	0.200	Trade (p1 to p0 : 1 GRAIN for 1 LUMBER)	p1 rejects trade
3	Node_301	0.00	1	Node_40	games.catan.CatanGameState@8326c744	{"SCORE":2.0,"SCORE_ADV":-4.0,"ORDINAL":0.5,"OUR_TURN":0.0,"HAS_WON":0.0,"FINAL_ORD":0.0,"ROUND":0.018}	0.200	Trade (p1 to p0 : 2 WOOL for 1 ORE)	p1 rejects trade
3	Node_302	0.00	1	Node_41	games.catan.CatanGameState@c85422e5	{"SCORE":2.0,"SCORE_ADV":-4.0,"ORDINAL":0.5,"OUR_TURN":0.0,"HAS_WON":0.0,"FINAL_ORD":0.0,"ROUND":0.018}	0.200	Trade (p1 to p3 : 1 ORE for 2 WOOL)	Trade (p1 to p3 : 1 ORE for 1 WOOL)
3	Node_303	0.00	1	Node_41	games.catan.CatanGameState@c1fdaf14	{"SCORE":2.0,"SCORE_ADV":-4.0,"ORDINAL":0.5,"OUR_TURN":0.0,"HAS_WON":0.0,"FINAL_ORD":0.0,"ROUND":0.018}	0.200	Trade (p1 to p0 : 2 GRAIN for 2 WOOL)	p1 rejects trade
3	Node_304	0.00	1	Node_41	games.catan.CatanGameState@dd132a00	{"SCORE":2.0,"SCORE_ADV":-4.0,"ORDINAL":0.5,"OUR_TURN":0.0,"HAS_WON":0.0,"FINAL_ORD":0.0,"ROUND":0.018}	0.200	Trade (p1 to p2 : 1 GRAIN for 1 BRICK)	p1 rejects trade
3	Node_305	0.00	1	Node_41	games.catan.CatanGameState@efe788d3	{"SCORE":2.0,"SCORE_ADV":-4.0,"ORDINAL":0.5,"OUR_TURN":0.0,"HAS_WON":0.0,"FINAL_ORD":0.0,"ROUND":0.018}	0.200	Trade (p1 to p0 : 1 WOOL for 2 LUMBER)	Trade (p1 to p0 : 2 WOOL for 1 LUMBER)
3	Node_306	0.00	1	Node_41	games.catan.CatanGameState@7cdfe99e	{"SCORE":2.0,"SCORE_ADV":-4.0,"ORDINAL":0.5,"OUR_TURN":0.0,"HAS_WON":0.0,"FINAL_ORD":0.0,"ROUND":0.018}	0.200	Trade (p1 to p0 : 1 WOOL for 2 ORE)	p1 rejects trade
3	Node_307	0.00	1	Node_41	games.catan.CatanGameState@d85b78b6	{"SCORE":2.0,"SCORE_ADV":-4.0,"ORDINAL":0.5,"OUR_TURN":0.0,"HAS_WON":0.0,"FINAL_ORD":0.0,"ROUND":0.018}	0.200	Trade (p1 to p0 : 2 WOOL for 1 BRICK)	p1 rejects trade
3	Node_308	0.00	1	Node_41	games.catan.CatanGameState@74356331	{"SCORE":2.0,"SCORE_ADV":-4.0,"ORDINAL":0.5,"OUR_TURN":0.0,"HAS_WON":0.0,"FINAL_ORD":0.0,"ROUND":0.018}	0.200	Trade (p1 to p0 : 1 ORE for 2 LUMBER)	p1 rejects trade
3	Node_309	0.00	1	Node_41	games.catan.CatanGameState@93e72e0f	{"SCORE":2.0,"SCORE_ADV":-4.0,"ORDINAL":0.5,"OUR_TURN":0.0,"HAS_WON":0.0,"FINAL_ORD":0.0,"ROUND":0.018}	0.200	Trade (p1 to p0 : 2 WOOL for 1 LUMBER)	Trade (p1 to p0 : 1 WOOL for 2 LUMBER)
3	Node_310	0.00	1	Node_41	games.catan.CatanGameState@d1d81bca	{"SCORE":2.0,"SCORE_ADV":-4.0,"ORDINAL":0.5,"OUR_TURN":0.0,"HAS_WON":0.0,"FINAL_ORD":0.0,"ROUND":0.018}	0.200	Trade (p1 to p0 : 1 WOOL for 1 GRAIN)	p1 rejects trade
3	Node_311	0.00	1	Node_41	games.catan.CatanGameState@22e16731	{"SCORE":2.0,"SCORE_ADV":-4.0,"ORDINAL":0.5,"OUR_TURN":0.0,"HAS_WON":0.0,"FINAL_ORD":0.0,"ROUND":0.018}	0.200	Trade (p1 to p2 : 2 WOOL for 1 LUMBER)	p1 rejects trade
3	Node_312	0.00	1	Node_41	games.catan.CatanGameState@6bb63275	{"SCORE":2.0,"SCORE_ADV":-4.0,"ORDINAL":0.5,"OUR_TURN":0.0,"HAS_WON":0.0,"FINAL_ORD":0.0,"ROUND":0.018}	0.200	Trade (p1 to p2 : 2 WOOL for 2 BRICK)	Trade (p1 to p2 : 1 WOOL for 1 BRICK)
3	Node_313	0.00	1	Node_41	games.catan.CatanGameState@376db7e9	{"SCORE":2.0,"SCORE_ADV":-4.0,"ORDINAL":0.5,"OUR_TURN":0.0,"HAS_WON":0.0,"FINAL_ORD":0.0,"ROUND":0.018}	0.200	Trade (p1 to p3 : 1 GRAIN for 2 ORE)	p1 rejects trade
3	Node_314	0.00	1	Node_41	games.catan.CatanGameState@dafa7988	{"SCORE":2.0,"SCORE_ADV":-4.0,"ORDINAL":0.5,"OUR_TURN":0.0,"HAS_WON":0.0,"FINAL_ORD":0.0,"ROUND":0.018}	0.200	Trade (p1 to p0 : 2 WOOL for 2 LUMBER)	Trade (p1 to p0 : 1 WOOL for 2 LUMBER)
