GameSeed,GameName,Round,Event,Tick,Turn,PlayerCount,GameID,PlayerIdx
-2106311596,Descent2e,5,GAME_OVER,239,0,4,2,0
-434876880,Descent2e,4,GAME_OVER,255,0,4,3,0
-1531226042,Descent2e,4,GAME_OVER,232,0,4,4,0
1472162448,Descent2e,4,GAME_OVER,185,0,4,5,1
1098128611,Descent2e,4,GAME_OVER,249,0,4,6,0
726075031,Descent2e,4,GAME_OVER,189,0,4,7,0
1949019889,Descent2e,4,GAME_OVER,187,0,4,8,0
-868400014,Descent2e,4,GAME_OVER,245,0,4,9,0
1658705723,Descent2e,4,GAME_OVER,232,0,4,10,0
-1459022739,Descent2e,4,GAME_OVER,252,0,4,11,0
686380075,Descent2e,4,GAME_OVER,240,0,4,12,0
-1832735679,Descent2e,4,GAME_OVER,208,0,4,13,0
-170836685,Descent2e,4,GAME_OVER,218,0,4,14,0
192253389,Descent2e,4,GAME_OVER,263,0,4,15,0
-1288883639,Descent2e,4,GAME_OVER,244,0,4,16,0
495210545,Descent2e,5,GAME_OVER,239,0,4,17,0
623067577,Descent2e,5,GAME_OVER,223,0,4,18,0
1348299175,Descent2e,4,GAME_OVER,250,0,4,19,0
-371345131,Descent2e,4,GAME_OVER,247,0,4,20,0
1431328153,Descent2e,4,GAME_OVER,226,0,4,21,0
-538768873,Descent2e,4,GAME_OVER,214,0,4,22,0
-131927630,Descent2e,4,GAME_OVER,237,0,4,23,0
625973931,Descent2e,4,GAME_OVER,238,0,4,24,0
-2122080756,Descent2e,4,GAME_OVER,239,0,4,25,0
-12038281,Descent2e,3,GAME_OVER,186,1,4,26,1
-1249517663,Descent2e,4,GAME_OVER,244,0,4,27,0
2136666787,Descent2e,4,GAME_OVER,265,0,4,28,0
-546977367,Descent2e,4,GAME_OVER,210,0,4,29,1
1617417385,Descent2e,4,GAME_OVER,236,0,4,30,0
167221652,Descent2e,4,GAME_OVER,256,0,4,31,0
1685666676,Descent2e,4,GAME_OVER,219,0,4,32,0
1184008882,Descent2e,4,GAME_OVER,239,0,4,33,0
-359467998,Descent2e,4,GAME_OVER,231,0,4,34,0
965886417,Descent2e,4,GAME_OVER,236,0,4,35,0
-33376745,Descent2e,4,GAME_OVER,225,0,4,36,0
1399594587,Descent2e,4,GAME_OVER,227,0,4,37,0
-1240233401,Descent2e,5,GAME_OVER,284,0,4,38,0
-1941664333,Descent2e,4,GAME_OVER,201,0,4,39,1
367536106,Descent2e,5,GAME_OVER,290,0,4,40,0
66846436,Descent2e,4,GAME_OVER,185,0,4,41,0
977649644,Descent2e,4,GAME_OVER,214,0,4,42,0
1148164066,Descent2e,4,GAME_OVER,203,1,4,43,1
-1028648233,Descent2e,4,GAME_OVER,197,0,4,44,0
1818501865,Descent2e,4,GAME_OVER,252,0,4,45,0
438663446,Descent2e,5,GAME_OVER,274,0,4,46,0
-581754428,Descent2e,4,GAME_OVER,215,0,4,47,0
760007605,Descent2e,5,GAME_OVER,288,0,4,48,0
-1487643144,Descent2e,4,GAME_OVER,226,0,4,49,0
1534946312,Descent2e,4,GAME_OVER,211,0,4,50,1
-2005403598,Descent2e,4,GAME_OVER,262,0,4,51,0
2077430509,Descent2e,4,GAME_OVER,261,0,4,52,0
-1038305692,Descent2e,4,GAME_OVER,232,0,4,53,0
1531061373,Descent2e,4,GAME_OVER,255,0,4,54,0
-133206162,Descent2e,4,GAME_OVER,227,0,4,55,0
-1569778848,Descent2e,4,GAME_OVER,256,0,4,56,0
-2077309864,Descent2e,4,GAME_OVER,233,0,4,57,0
-108824783,Descent2e,4,GAME_OVER,241,0,4,58,0
-130405803,Descent2e,5,GAME_OVER,301,0,4,59,0
-110105720,Descent2e,4,GAME_OVER,240,0,4,60,0
1416457774,Descent2e,4,GAME_OVER,221,0,4,61,0
1426270630,Descent2e,5,GAME_OVER,308,0,4,62,0
1234673872,Descent2e,4,GAME_OVER,238,0,4,63,0
-903863075,Descent2e,4,GAME_OVER,263,0,4,64,0
1959499265,Descent2e,4,GAME_OVER,233,0,4,65,0
438817316,Descent2e,4,GAME_OVER,229,0,4,66,0
1872959888,Descent2e,4,GAME_OVER,253,0,4,67,0
-22823559,Descent2e,3,GAME_OVER,176,2,4,68,1
2075102336,Descent2e,4,GAME_OVER,244,0,4,69,0
1055863808,Descent2e,4,GAME_OVER,224,0,4,70,0
2088372985,Descent2e,3,GAME_OVER,169,1,4,71,1
427468798,Descent2e,3,GAME_OVER,196,1,4,72,1
-1818600187,Descent2e,5,GAME_OVER,297,0,4,73,0
-437019615,Descent2e,4,GAME_OVER,233,0,4,74,0
1290999646,Descent2e,4,GAME_OVER,246,0,4,75,0
164685239,Descent2e,4,GAME_OVER,257,0,4,76,0
703547109,Descent2e,5,GAME_OVER,216,0,4,77,0
-1312030273,Descent2e,4,GAME_OVER,207,0,4,78,0
-1834215313,Descent2e,4,GAME_OVER,296,0,4,79,0
951295741,Descent2e,4,GAME_OVER,224,0,4,80,0
1990785033,Descent2e,3,GAME_OVER,183,2,4,81,1
-1203310738,Descent2e,4,GAME_OVER,231,0,4,82,0
-1725370897,Descent2e,5,GAME_OVER,326,0,4,83,0
-892019237,Descent2e,5,GAME_OVER,256,0,4,84,0
-1651548995,Descent2e,4,GAME_OVER,232,0,4,85,0
1853651035,Descent2e,5,GAME_OVER,207,0,4,86,0
-24902743,Descent2e,4,GAME_OVER,255,0,4,87,0
-251801867,Descent2e,4,GAME_OVER,240,0,4,88,0
525998279,Descent2e,4,GAME_OVER,239,0,4,89,0
-1011630636,Descent2e,4,GAME_OVER,233,0,4,90,0
-355679580,Descent2e,4,GAME_OVER,259,0,4,91,0
-924210011,Descent2e,4,GAME_OVER,247,0,4,92,0
1129905595,Descent2e,4,GAME_OVER,208,0,4,93,0
1708968205,Descent2e,4,GAME_OVER,222,0,4,94,0
1782538645,Descent2e,4,GAME_OVER,218,0,4,95,0
-1354647450,Descent2e,3,GAME_OVER,196,1,4,96,1
33362573,Descent2e,4,GAME_OVER,225,0,4,97,0
254262560,Descent2e,5,GAME_OVER,290,0,4,98,0
-515585900,Descent2e,4,GAME_OVER,224,0,4,99,0
-1944787339,Descent2e,4,GAME_OVER,189,0,4,100,0
-1959657368,Descent2e,4,GAME_OVER,237,0,4,101,0
1028564309,Descent2e,4,GAME_OVER,230,0,4,102,0
-2065662957,Descent2e,4,GAME_OVER,221,0,4,103,0
195829685,Descent2e,4,GAME_OVER,210,2,4,104,1
-1574897475,Descent2e,4,GAME_OVER,251,0,4,105,0
-793287773,Descent2e,5,GAME_OVER,287,0,4,106,0
-232930549,Descent2e,4,GAME_OVER,272,0,4,107,0
2017869266,Descent2e,4,GAME_OVER,238,0,4,108,0
-537696098,Descent2e,3,GAME_OVER,189,0,4,109,1
-1880652938,Descent2e,4,GAME_OVER,254,0,4,110,0
2053930103,Descent2e,4,GAME_OVER,209,0,4,111,0
72689065,Descent2e,4,GAME_OVER,217,0,4,112,0
1102908747,Descent2e,4,GAME_OVER,185,0,4,113,1
857470131,Descent2e,5,GAME_OVER,293,0,4,114,0
1156667397,Descent2e,3,GAME_OVER,158,1,4,115,1
1787274215,Descent2e,4,GAME_OVER,197,0,4,116,0
-937804275,Descent2e,4,GAME_OVER,245,0,4,117,0
2020799224,Descent2e,4,GAME_OVER,208,0,4,118,0
-1261148661,Descent2e,5,GAME_OVER,282,0,4,119,0
1602351087,Descent2e,3,GAME_OVER,191,3,4,120,1
176717634,Descent2e,4,GAME_OVER,229,0,4,121,0
1664523560,Descent2e,4,GAME_OVER,260,0,4,122,0
-2049690953,Descent2e,4,GAME_OVER,231,0,4,123,0
316733697,Descent2e,4,GAME_OVER,302,4,4,124,0
1917629113,Descent2e,5,GAME_OVER,303,0,4,125,0
-2068119258,Descent2e,4,GAME_OVER,272,0,4,126,0
571662474,Descent2e,5,GAME_OVER,252,0,4,127,0
-129834600,Descent2e,4,GAME_OVER,243,0,4,128,0
-367298241,Descent2e,4,GAME_OVER,200,1,4,129,1
1529520095,Descent2e,4,GAME_OVER,252,0,4,130,0
-378145273,Descent2e,4,GAME_OVER,238,0,4,131,0
-137278190,Descent2e,4,GAME_OVER,248,0,4,132,0
-1779590791,Descent2e,3,GAME_OVER,183,3,4,133,1
248032654,Descent2e,3,GAME_OVER,225,2,4,134,1
-2092379481,Descent2e,5,GAME_OVER,281,0,4,135,0
-1905237098,Descent2e,4,GAME_OVER,235,0,4,136,0
313753588,Descent2e,4,GAME_OVER,264,0,4,137,0
1088459323,Descent2e,3,GAME_OVER,217,3,4,138,1
425525007,Descent2e,5,GAME_OVER,282,0,4,139,0
176140337,Descent2e,4,GAME_OVER,224,0,4,140,0
-1657262982,Descent2e,5,GAME_OVER,246,0,4,141,0
487485060,Descent2e,4,GAME_OVER,248,0,4,142,0
937610372,Descent2e,4,GAME_OVER,242,0,4,143,0
289946946,Descent2e,4,GAME_OVER,240,0,4,144,0
-1279975257,Descent2e,5,GAME_OVER,265,0,4,145,0
1443145887,Descent2e,4,GAME_OVER,228,0,4,146,0
1642592158,Descent2e,4,GAME_OVER,222,0,4,147,0
-1257925864,Descent2e,4,GAME_OVER,281,0,4,148,0
-2086788165,Descent2e,4,GAME_OVER,276,0,4,149,0
1454294430,Descent2e,2,GAME_OVER,134,1,4,150,1
-1894694341,Descent2e,4,GAME_OVER,229,0,4,151,0
1110277337,Descent2e,4,GAME_OVER,257,0,4,152,0
105181104,Descent2e,4,GAME_OVER,219,0,4,153,0
1741820661,Descent2e,4,GAME_OVER,242,0,4,154,0
1191131318,Descent2e,5,GAME_OVER,237,0,4,155,0
1450489765,Descent2e,4,GAME_OVER,231,0,4,156,0
-1335747697,Descent2e,4,GAME_OVER,237,0,4,157,0
1297146937,Descent2e,5,GAME_OVER,268,0,4,158,0
-383936935,Descent2e,5,GAME_OVER,293,0,4,159,0
-78843910,Descent2e,4,GAME_OVER,249,0,4,160,0
999413502,Descent2e,4,GAME_OVER,232,0,4,161,0
1698523434,Descent2e,4,GAME_OVER,236,0,4,162,0
-1751122673,Descent2e,4,GAME_OVER,246,0,4,163,0
846901593,Descent2e,4,GAME_OVER,251,0,4,164,0
1520978718,Descent2e,4,GAME_OVER,271,0,4,165,0
1513447411,Descent2e,4,GAME_OVER,249,0,4,166,0
-647629730,Descent2e,3,GAME_OVER,224,2,4,167,1
1546136617,Descent2e,3,GAME_OVER,184,2,4,168,1
866825363,Descent2e,4,GAME_OVER,237,0,4,169,0
1112549295,Descent2e,4,GAME_OVER,255,0,4,170,0
866870163,Descent2e,4,GAME_OVER,229,0,4,171,0
-188484132,Descent2e,4,GAME_OVER,241,0,4,172,0
-1317565725,Descent2e,5,GAME_OVER,274,0,4,173,0
-1870858449,Descent2e,4,GAME_OVER,278,0,4,174,0
151649086,Descent2e,5,GAME_OVER,267,0,4,175,0
-1672927408,Descent2e,4,GAME_OVER,207,0,4,176,0
620316932,Descent2e,5,GAME_OVER,309,0,4,177,0
-1748550662,Descent2e,4,GAME_OVER,234,0,4,178,0
-89964064,Descent2e,3,GAME_OVER,186,1,4,179,1
176192887,Descent2e,4,GAME_OVER,244,0,4,180,0
392473391,Descent2e,3,GAME_OVER,182,1,4,181,1
-757897836,Descent2e,4,GAME_OVER,220,0,4,182,0
-778946589,Descent2e,3,GAME_OVER,197,2,4,183,1
1252024377,Descent2e,3,GAME_OVER,191,0,4,184,1
-2051246598,Descent2e,4,GAME_OVER,240,0,4,185,0
2118557955,Descent2e,4,GAME_OVER,241,0,4,186,0
-985741623,Descent2e,4,GAME_OVER,249,0,4,187,0
1051456408,Descent2e,4,GAME_OVER,243,0,4,188,0
1055005349,Descent2e,5,GAME_OVER,223,0,4,189,0
-286242674,Descent2e,4,GAME_OVER,199,0,4,190,0
1713139624,Descent2e,5,GAME_OVER,291,0,4,191,0
1313838869,Descent2e,4,GAME_OVER,216,0,4,192,0
-1709454157,Descent2e,4,GAME_OVER,257,0,4,193,0
-55309369,Descent2e,4,GAME_OVER,223,0,4,194,0
-553587499,Descent2e,4,GAME_OVER,240,0,4,195,0
939226962,Descent2e,3,GAME_OVER,184,2,4,196,1
-647111492,Descent2e,4,GAME_OVER,262,0,4,197,0
-1113582644,Descent2e,4,GAME_OVER,249,0,4,198,0
-388580641,Descent2e,4,GAME_OVER,253,0,4,199,0
333649400,Descent2e,3,GAME_OVER,176,1,4,200,1
44985473,Descent2e,4,GAME_OVER,226,0,4,201,0
25864137,Descent2e,4,GAME_OVER,241,0,4,202,0
809155775,Descent2e,4,GAME_OVER,227,0,4,203,0
-1315771430,Descent2e,4,GAME_OVER,202,0,4,204,0
-652750784,Descent2e,4,GAME_OVER,193,2,4,205,1
-1438181952,Descent2e,4,GAME_OVER,252,0,4,206,0
-103583923,Descent2e,4,GAME_OVER,244,0,4,207,0
-264533670,Descent2e,5,GAME_OVER,280,0,4,208,0
-2003881654,Descent2e,5,GAME_OVER,324,0,4,209,0
1194976140,Descent2e,4,GAME_OVER,220,0,4,210,0
740515828,Descent2e,4,GAME_OVER,287,0,4,211,0
-1981556469,Descent2e,4,GAME_OVER,269,0,4,212,0
-115718702,Descent2e,4,GAME_OVER,219,0,4,213,0
-1324315614,Descent2e,4,GAME_OVER,234,0,4,214,0
595581609,Descent2e,4,GAME_OVER,246,0,4,215,0
-391485289,Descent2e,4,GAME_OVER,227,0,4,216,0
760754694,Descent2e,4,GAME_OVER,229,0,4,217,0
-1277080294,Descent2e,4,GAME_OVER,268,0,4,218,0
-1578106088,Descent2e,4,GAME_OVER,228,0,4,219,0
223861731,Descent2e,4,GAME_OVER,239,0,4,220,0
1602152035,Descent2e,4,GAME_OVER,274,0,4,221,0
-683947923,Descent2e,3,GAME_OVER,206,1,4,222,1
138923296,Descent2e,4,GAME_OVER,259,0,4,223,0
-1107104144,Descent2e,4,GAME_OVER,191,0,4,224,1
916426565,Descent2e,4,GAME_OVER,228,0,4,225,0
-1124368768,Descent2e,4,GAME_OVER,229,0,4,226,0
-1021998975,Descent2e,4,GAME_OVER,205,0,4,227,1
883468036,Descent2e,4,GAME_OVER,216,0,4,228,0
-1358304835,Descent2e,5,GAME_OVER,293,0,4,229,0
1564042337,Descent2e,4,GAME_OVER,260,0,4,230,0
1546646484,Descent2e,5,GAME_OVER,230,0,4,231,0
1319215497,Descent2e,4,GAME_OVER,195,0,4,232,0
-2049994330,Descent2e,4,GAME_OVER,274,0,4,233,0
399120975,Descent2e,5,GAME_OVER,301,0,4,234,0
203295418,Descent2e,4,GAME_OVER,247,0,4,235,0
-385379532,Descent2e,4,GAME_OVER,250,0,4,236,0
-840590086,Descent2e,4,GAME_OVER,213,0,4,237,0
1854572159,Descent2e,4,GAME_OVER,246,0,4,238,0
-2072968360,Descent2e,5,GAME_OVER,286,0,4,239,0
564948201,Descent2e,4,GAME_OVER,234,0,4,240,0
242489441,Descent2e,4,GAME_OVER,208,0,4,241,0
-2020288483,Descent2e,4,GAME_OVER,208,0,4,242,0
1086074626,Descent2e,4,GAME_OVER,227,0,4,243,0
-1032405027,Descent2e,4,GAME_OVER,231,0,4,244,0
-87541493,Descent2e,4,GAME_OVER,258,0,4,245,0
-543934832,Descent2e,4,GAME_OVER,232,0,4,246,0
777892406,Descent2e,4,GAME_OVER,215,0,4,247,0
873285756,Descent2e,4,GAME_OVER,225,0,4,248,0
-1504225346,Descent2e,3,GAME_OVER,191,2,4,249,1
-351428350,Descent2e,4,GAME_OVER,220,0,4,250,0
1460029387,Descent2e,4,GAME_OVER,244,0,4,251,0
519422861,Descent2e,4,GAME_OVER,234,0,4,252,0
-2020734670,Descent2e,4,GAME_OVER,234,0,4,253,0
-1646738913,Descent2e,4,GAME_OVER,269,0,4,254,0
1310557033,Descent2e,4,GAME_OVER,253,0,4,255,0
-303468140,Descent2e,4,GAME_OVER,225,0,4,256,0
-1140332644,Descent2e,4,GAME_OVER,246,0,4,257,0
-1033126884,Descent2e,5,GAME_OVER,262,0,4,258,0
16992059,Descent2e,4,GAME_OVER,246,0,4,259,0
-479990665,Descent2e,5,GAME_OVER,287,0,4,260,0
-1249779320,Descent2e,4,GAME_OVER,272,0,4,261,0
-750178054,Descent2e,4,GAME_OVER,254,0,4,262,0
-1123655453,Descent2e,4,GAME_OVER,207,0,4,263,0
2107061092,Descent2e,4,GAME_OVER,240,0,4,264,0
-1180556821,Descent2e,4,GAME_OVER,238,0,4,265,0
1209010955,Descent2e,4,GAME_OVER,235,0,4,266,0
2129887662,Descent2e,4,GAME_OVER,236,0,4,267,0
-1321594639,Descent2e,4,GAME_OVER,243,0,4,268,0
-1127357064,Descent2e,3,GAME_OVER,179,1,4,269,1
1637927349,Descent2e,4,GAME_OVER,238,0,4,270,0
513738248,Descent2e,4,GAME_OVER,198,0,4,271,0
-1286324348,Descent2e,4,GAME_OVER,227,0,4,272,0
-84487886,Descent2e,4,GAME_OVER,250,0,4,273,0
-574335371,Descent2e,4,GAME_OVER,249,0,4,274,0
-2013315022,Descent2e,4,GAME_OVER,213,0,4,275,0
-562171916,Descent2e,3,GAME_OVER,183,2,4,276,1
-36790718,Descent2e,3,GAME_OVER,184,0,4,277,1
1190962726,Descent2e,4,GAME_OVER,236,0,4,278,0
-896255439,Descent2e,4,GAME_OVER,236,0,4,279,0
-549546384,Descent2e,4,GAME_OVER,240,0,4,280,0
1198075658,Descent2e,4,GAME_OVER,233,0,4,281,0
15182467,Descent2e,4,GAME_OVER,251,0,4,282,0
1647649545,Descent2e,3,GAME_OVER,174,0,4,283,1
126951839,Descent2e,4,GAME_OVER,240,0,4,284,0
-1203609223,Descent2e,4,GAME_OVER,231,0,4,285,0
-1323214870,Descent2e,3,GAME_OVER,202,0,4,286,1
959109931,Descent2e,4,GAME_OVER,228,0,4,287,0
559022089,Descent2e,4,GAME_OVER,224,0,4,288,0
-1323421024,Descent2e,4,GAME_OVER,251,0,4,289,0
806994786,Descent2e,5,GAME_OVER,287,0,4,290,0
-1241361365,Descent2e,4,GAME_OVER,234,0,4,291,0
-1531078731,Descent2e,4,GAME_OVER,246,0,4,292,0
1770981253,Descent2e,4,GAME_OVER,262,0,4,293,0
18914527,Descent2e,4,GAME_OVER,253,0,4,294,0
-688343115,Descent2e,4,GAME_OVER,249,0,4,295,0
292295698,Descent2e,4,GAME_OVER,184,0,4,296,0
-1806225609,Descent2e,4,GAME_OVER,249,0,4,297,0
758614468,Descent2e,4,GAME_OVER,256,0,4,298,0
1150192065,Descent2e,4,GAME_OVER,225,0,4,299,0
-1482576358,Descent2e,4,GAME_OVER,245,0,4,300,0
546828834,Descent2e,4,GAME_OVER,232,0,4,301,0
-984538200,Descent2e,4,GAME_OVER,236,0,4,302,0
871250437,Descent2e,4,GAME_OVER,219,0,4,303,1
-1550265676,Descent2e,2,GAME_OVER,152,2,4,304,1
856801956,Descent2e,4,GAME_OVER,249,0,4,305,0
-826630308,Descent2e,4,GAME_OVER,198,0,4,306,0
1806031019,Descent2e,4,GAME_OVER,243,0,4,307,0
-958543015,Descent2e,4,GAME_OVER,243,0,4,308,0
-1428266273,Descent2e,4,GAME_OVER,191,0,4,309,0
-1144365011,Descent2e,4,GAME_OVER,234,0,4,310,0
955966020,Descent2e,4,GAME_OVER,218,0,4,311,0
-1289106182,Descent2e,4,GAME_OVER,265,0,4,312,0
306648016,Descent2e,4,GAME_OVER,210,0,4,313,0
600701797,Descent2e,5,GAME_OVER,326,0,4,314,0
1293571835,Descent2e,4,GAME_OVER,232,0,4,315,0
-928673503,Descent2e,4,GAME_OVER,252,0,4,316,0
2078679456,Descent2e,4,GAME_OVER,243,0,4,317,0
1138126872,Descent2e,4,GAME_OVER,250,0,4,318,0
1859555597,Descent2e,4,GAME_OVER,226,0,4,319,0
-1386619562,Descent2e,4,GAME_OVER,241,0,4,320,0
-815505094,Descent2e,4,GAME_OVER,245,0,4,321,0
111777564,Descent2e,4,GAME_OVER,235,0,4,322,0
-2100851080,Descent2e,4,GAME_OVER,224,0,4,323,0
-820601661,Descent2e,4,GAME_OVER,218,0,4,324,0
-1793559779,Descent2e,4,GAME_OVER,196,1,4,325,1
1091309400,Descent2e,4,GAME_OVER,259,0,4,326,0
1740218866,Descent2e,4,GAME_OVER,284,0,4,327,0
1786736666,Descent2e,3,GAME_OVER,182,2,4,328,1
-1646862478,Descent2e,5,GAME_OVER,314,0,4,329,0
1493641793,Descent2e,5,GAME_OVER,283,0,4,330,0
-2086551780,Descent2e,4,GAME_OVER,224,0,4,331,0
1668732854,Descent2e,4,GAME_OVER,233,0,4,332,0
-2120261791,Descent2e,4,GAME_OVER,209,0,4,333,0
1459788962,Descent2e,4,GAME_OVER,219,0,4,334,0
219010551,Descent2e,4,GAME_OVER,199,1,4,335,1
1661950976,Descent2e,4,GAME_OVER,197,0,4,336,0
-37427297,Descent2e,4,GAME_OVER,255,0,4,337,0
247592859,Descent2e,4,GAME_OVER,256,0,4,338,0
1098576278,Descent2e,5,GAME_OVER,221,0,4,339,0
-1078175724,Descent2e,5,GAME_OVER,266,0,4,340,0
-1359787957,Descent2e,3,GAME_OVER,181,3,4,341,1
-1865273877,Descent2e,4,GAME_OVER,260,0,4,342,0
-379449835,Descent2e,4,GAME_OVER,241,0,4,343,0
334645923,Descent2e,4,GAME_OVER,221,0,4,344,0
-2041678342,Descent2e,4,GAME_OVER,220,2,4,345,1
-621565583,Descent2e,4,GAME_OVER,237,0,4,346,0
308795849,Descent2e,4,GAME_OVER,246,0,4,347,0
-1610559206,Descent2e,4,GAME_OVER,266,0,4,348,0
135581712,Descent2e,5,GAME_OVER,290,4,4,349,0
-70142737,Descent2e,4,GAME_OVER,193,0,4,350,0
-2044013128,Descent2e,5,GAME_OVER,278,0,4,351,0
-1813073661,Descent2e,5,GAME_OVER,325,0,4,352,0
-823199663,Descent2e,4,GAME_OVER,235,0,4,353,1
-870302191,Descent2e,4,GAME_OVER,237,0,4,354,0
-1410430645,Descent2e,4,GAME_OVER,240,0,4,355,0
-1211984980,Descent2e,5,GAME_OVER,275,0,4,356,0
-1095954505,Descent2e,4,GAME_OVER,234,0,4,357,0
2034578350,Descent2e,4,GAME_OVER,218,0,4,358,0
-1676034750,Descent2e,4,GAME_OVER,242,0,4,359,0
304699397,Descent2e,4,GAME_OVER,219,0,4,360,1
-1663406971,Descent2e,4,GAME_OVER,249,0,4,361,0
1682113612,Descent2e,4,GAME_OVER,236,0,4,362,0
-781651481,Descent2e,4,GAME_OVER,251,0,4,363,0
-1055580466,Descent2e,4,GAME_OVER,237,0,4,364,0
-1701962341,Descent2e,4,GAME_OVER,229,0,4,365,0
250478825,Descent2e,4,GAME_OVER,224,0,4,366,0
605389958,Descent2e,3,GAME_OVER,171,1,4,367,1
872314097,Descent2e,4,GAME_OVER,265,0,4,368,0
2054147852,Descent2e,4,GAME_OVER,235,0,4,369,0
-1043421192,Descent2e,4,GAME_OVER,230,0,4,370,0
1514485788,Descent2e,4,GAME_OVER,240,0,4,371,0
-31244244,Descent2e,5,GAME_OVER,278,0,4,372,0
-45227027,Descent2e,4,GAME_OVER,236,0,4,373,0
1252990121,Descent2e,4,GAME_OVER,236,0,4,374,0
1310528845,Descent2e,4,GAME_OVER,262,0,4,375,0
246764018,Descent2e,4,GAME_OVER,240,0,4,376,0
-937764496,Descent2e,4,GAME_OVER,244,0,4,377,0
1056067181,Descent2e,4,GAME_OVER,218,0,4,378,0
1611519387,Descent2e,4,GAME_OVER,207,2,4,379,1
-274414445,Descent2e,5,GAME_OVER,340,0,4,380,0
83183408,Descent2e,4,GAME_OVER,247,0,4,381,0
-508062535,Descent2e,4,GAME_OVER,251,0,4,382,0
43994581,Descent2e,4,GAME_OVER,191,0,4,383,0
-942635366,Descent2e,4,GAME_OVER,257,0,4,384,0
658444493,Descent2e,5,GAME_OVER,252,0,4,385,0
-2068462839,Descent2e,5,GAME_OVER,269,0,4,386,0
-1218212916,Descent2e,4,GAME_OVER,258,0,4,387,0
-181815179,Descent2e,5,GAME_OVER,286,0,4,388,0
-570581829,Descent2e,4,GAME_OVER,245,0,4,389,0
-1880819417,Descent2e,4,GAME_OVER,258,0,4,390,0
-636380340,Descent2e,5,GAME_OVER,310,0,4,391,0
-1124286373,Descent2e,4,GAME_OVER,206,0,4,392,0
-653908905,Descent2e,4,GAME_OVER,230,0,4,393,0
1874768812,Descent2e,4,GAME_OVER,238,0,4,394,0
1381181002,Descent2e,3,GAME_OVER,181,2,4,395,1
-2040711062,Descent2e,4,GAME_OVER,274,0,4,396,0
1645637947,Descent2e,4,GAME_OVER,240,0,4,397,0
1615847623,Descent2e,4,GAME_OVER,236,0,4,398,0
1708090457,Descent2e,4,GAME_OVER,253,0,4,399,0
1927289615,Descent2e,5,GAME_OVER,309,0,4,400,0
1277926354,Descent2e,4,GAME_OVER,214,0,4,401,0
1288764732,Descent2e,4,GAME_OVER,246,0,4,402,0
-844034718,Descent2e,4,GAME_OVER,240,0,4,403,0
-1230909015,Descent2e,5,GAME_OVER,278,0,4,404,0
-1771200722,Descent2e,3,GAME_OVER,174,1,4,405,1
-197886544,Descent2e,5,GAME_OVER,239,0,4,406,0
1015825300,Descent2e,4,GAME_OVER,220,0,4,407,0
1884031344,Descent2e,4,GAME_OVER,231,0,4,408,0
-1642080744,Descent2e,4,GAME_OVER,260,0,4,409,0
-480507869,Descent2e,4,GAME_OVER,230,0,4,410,0
912566425,Descent2e,5,GAME_OVER,270,0,4,411,0
-1096191341,Descent2e,4,GAME_OVER,224,0,4,412,0
2037626216,Descent2e,4,GAME_OVER,223,0,4,413,0
296305084,Descent2e,4,GAME_OVER,221,2,4,414,1
2078478857,Descent2e,5,GAME_OVER,242,0,4,415,0
-1718366816,Descent2e,4,GAME_OVER,260,0,4,416,0
1159485335,Descent2e,4,GAME_OVER,247,0,4,417,0
2091332812,Descent2e,4,GAME_OVER,249,0,4,418,0
114135331,Descent2e,4,GAME_OVER,230,0,4,419,0
1508567849,Descent2e,4,GAME_OVER,198,0,4,420,0
-715739758,Descent2e,4,GAME_OVER,238,0,4,421,0
-1076522228,Descent2e,3,GAME_OVER,189,2,4,422,1
1472971194,Descent2e,4,GAME_OVER,257,0,4,423,0
-1777761885,Descent2e,4,GAME_OVER,263,0,4,424,0
1912826064,Descent2e,4,GAME_OVER,226,0,4,425,0
-1771087831,Descent2e,4,GAME_OVER,217,0,4,426,0
2007798892,Descent2e,4,GAME_OVER,231,0,4,427,0
-535364207,Descent2e,4,GAME_OVER,253,0,4,428,0
2041377446,Descent2e,4,GAME_OVER,255,0,4,429,0
2056949890,Descent2e,4,GAME_OVER,266,0,4,430,0
-536737766,Descent2e,4,GAME_OVER,285,0,4,431,0
1206104033,Descent2e,4,GAME_OVER,220,0,4,432,0
-98237223,Descent2e,4,GAME_OVER,234,0,4,433,0
940001328,Descent2e,4,GAME_OVER,239,0,4,434,0
-2093316461,Descent2e,4,GAME_OVER,224,0,4,435,0
619642517,Descent2e,5,GAME_OVER,260,0,4,436,0
1409988469,Descent2e,4,GAME_OVER,271,0,4,437,0
-1814043066,Descent2e,4,GAME_OVER,203,1,4,438,1
1520883858,Descent2e,4,GAME_OVER,223,0,4,439,0
1695382437,Descent2e,4,GAME_OVER,228,0,4,440,0
-1035790372,Descent2e,4,GAME_OVER,247,0,4,441,0
-246581159,Descent2e,4,GAME_OVER,264,0,4,442,0
1683416298,Descent2e,4,GAME_OVER,248,0,4,443,0
1394542115,Descent2e,4,GAME_OVER,251,0,4,444,0
1551605025,Descent2e,4,GAME_OVER,249,0,4,445,0
-1393118654,Descent2e,4,GAME_OVER,256,0,4,446,0
1923526399,Descent2e,5,GAME_OVER,256,0,4,447,0
-844932704,Descent2e,4,GAME_OVER,212,2,4,448,1
-1251013226,Descent2e,4,GAME_OVER,195,0,4,449,0
1661511202,Descent2e,5,GAME_OVER,223,0,4,450,0
-285718408,Descent2e,4,GAME_OVER,264,0,4,451,0
687714254,Descent2e,4,GAME_OVER,256,0,4,452,0
807053731,Descent2e,4,GAME_OVER,261,0,4,453,0
1321498790,Descent2e,4,GAME_OVER,240,0,4,454,0
-5330382,Descent2e,4,GAME_OVER,232,0,4,455,0
1394497638,Descent2e,4,GAME_OVER,199,0,4,456,0
1268428761,Descent2e,4,GAME_OVER,238,0,4,457,0
-797076085,Descent2e,5,GAME_OVER,283,0,4,458,0
-632772489,Descent2e,4,GAME_OVER,244,0,4,459,0
944991051,Descent2e,3,GAME_OVER,174,1,4,460,1
-2126344634,Descent2e,4,GAME_OVER,199,0,4,461,0
195569764,Descent2e,4,GAME_OVER,236,0,4,462,0
1555723887,Descent2e,4,GAME_OVER,252,0,4,463,0
1097857263,Descent2e,4,GAME_OVER,217,0,4,464,0
-2064231158,Descent2e,4,GAME_OVER,263,0,4,465,0
-1571824229,Descent2e,4,GAME_OVER,187,1,4,466,1
-132682538,Descent2e,5,GAME_OVER,248,0,4,467,0
210459893,Descent2e,4,GAME_OVER,235,0,4,468,0
974143018,Descent2e,5,GAME_OVER,234,0,4,469,0
1112223669,Descent2e,4,GAME_OVER,230,0,4,470,0
428148719,Descent2e,4,GAME_OVER,221,0,4,471,0
563123992,Descent2e,4,GAME_OVER,258,0,4,472,0
141975203,Descent2e,4,GAME_OVER,251,0,4,473,0
-218118951,Descent2e,4,GAME_OVER,199,0,4,474,0
1619742903,Descent2e,4,GAME_OVER,214,0,4,475,0
1693437514,Descent2e,4,GAME_OVER,259,0,4,476,0
1261556930,Descent2e,4,GAME_OVER,229,0,4,477,0
-1932484462,Descent2e,4,GAME_OVER,269,0,4,478,0
1382425950,Descent2e,4,GAME_OVER,236,0,4,479,0
-616406496,Descent2e,4,GAME_OVER,246,0,4,480,0
-988149838,Descent2e,5,GAME_OVER,270,0,4,481,0
899100115,Descent2e,4,GAME_OVER,208,0,4,482,1
-868346638,Descent2e,5,GAME_OVER,292,0,4,483,0
47459948,Descent2e,4,GAME_OVER,258,0,4,484,0
-1506030506,Descent2e,5,GAME_OVER,251,0,4,485,0
605316411,Descent2e,4,GAME_OVER,262,0,4,486,0
560382557,Descent2e,4,GAME_OVER,221,0,4,487,0
-1844779733,Descent2e,3,GAME_OVER,193,2,4,488,1
248349529,Descent2e,4,GAME_OVER,224,0,4,489,0
-950561894,Descent2e,4,GAME_OVER,281,0,4,490,0
-1305738607,Descent2e,3,GAME_OVER,195,2,4,491,1
-439442783,Descent2e,3,GAME_OVER,184,2,4,492,1
-805403518,Descent2e,4,GAME_OVER,230,0,4,493,0
49054900,Descent2e,4,GAME_OVER,256,0,4,494,0
1788226049,Descent2e,4,GAME_OVER,208,0,4,495,0
1470439362,Descent2e,4,GAME_OVER,248,0,4,496,0
-1325307060,Descent2e,4,GAME_OVER,234,0,4,497,0
-981789116,Descent2e,4,GAME_OVER,206,1,4,498,1
1109474642,Descent2e,4,GAME_OVER,230,0,4,499,0
845358804,Descent2e,5,GAME_OVER,235,0,4,500,0
-862578507,Descent2e,4,GAME_OVER,213,0,4,501,0
1637775171,Descent2e,4,GAME_OVER,228,0,4,502,0
-1125516974,Descent2e,4,GAME_OVER,242,0,4,503,0
342765137,Descent2e,4,GAME_OVER,205,0,4,504,0
-632193450,Descent2e,2,GAME_OVER,159,1,4,505,1
-799369367,Descent2e,4,GAME_OVER,190,0,4,506,0
-7412184,Descent2e,4,GAME_OVER,211,0,4,507,0
1774337553,Descent2e,4,GAME_OVER,251,0,4,508,0
-466712909,Descent2e,4,GAME_OVER,199,0,4,509,0
905612020,Descent2e,4,GAME_OVER,240,0,4,510,0
540207565,Descent2e,4,GAME_OVER,240,0,4,511,0
-728857944,Descent2e,4,GAME_OVER,240,0,4,512,0
366259924,Descent2e,4,GAME_OVER,258,0,4,513,0
2106255015,Descent2e,4,GAME_OVER,213,0,4,514,0
-1812853318,Descent2e,4,GAME_OVER,243,0,4,515,0
192754445,Descent2e,4,GAME_OVER,219,0,4,516,0
-457825004,Descent2e,5,GAME_OVER,296,0,4,517,0
-1060153323,Descent2e,4,GAME_OVER,224,0,4,518,0
1878027235,Descent2e,4,GAME_OVER,257,0,4,519,0
-18764677,Descent2e,4,GAME_OVER,274,0,4,520,0
-1074757320,Descent2e,4,GAME_OVER,219,2,4,521,1
448986655,Descent2e,4,GAME_OVER,238,0,4,522,0
1798731491,Descent2e,4,GAME_OVER,236,0,4,523,0
877783195,Descent2e,4,GAME_OVER,233,0,4,524,0
301492674,Descent2e,4,GAME_OVER,204,0,4,525,0
-710457926,Descent2e,5,GAME_OVER,267,0,4,526,0
1376588152,Descent2e,4,GAME_OVER,183,0,4,527,0
-656494110,Descent2e,4,GAME_OVER,250,0,4,528,0
-2050377081,Descent2e,4,GAME_OVER,208,0,4,529,0
194858741,Descent2e,4,GAME_OVER,247,0,4,530,0
-809555664,Descent2e,4,GAME_OVER,221,0,4,531,0
1332755000,Descent2e,3,GAME_OVER,180,1,4,532,1
-354746241,Descent2e,4,GAME_OVER,256,0,4,533,0
1979850298,Descent2e,4,GAME_OVER,238,0,4,534,0
-271726492,Descent2e,4,GAME_OVER,256,0,4,535,0
553842650,Descent2e,4,GAME_OVER,205,0,4,536,0
-2018746660,Descent2e,4,GAME_OVER,214,0,4,537,0
2089164243,Descent2e,5,GAME_OVER,261,0,4,538,0
-2030120091,Descent2e,4,GAME_OVER,251,0,4,539,0
2044390528,Descent2e,4,GAME_OVER,191,0,4,540,0
1203188061,Descent2e,5,GAME_OVER,309,0,4,541,0
-1921207376,Descent2e,4,GAME_OVER,252,0,4,542,0
1451091189,Descent2e,4,GAME_OVER,241,0,4,543,0
2004990657,Descent2e,4,GAME_OVER,255,0,4,544,0
-1476067357,Descent2e,5,GAME_OVER,296,0,4,545,0
1567158118,Descent2e,4,GAME_OVER,242,0,4,546,0
1657404921,Descent2e,4,GAME_OVER,174,1,4,547,1
-909759050,Descent2e,4,GAME_OVER,239,0,4,548,0
453613380,Descent2e,4,GAME_OVER,255,0,4,549,0
412652667,Descent2e,4,GAME_OVER,206,0,4,550,0
-861799317,Descent2e,4,GAME_OVER,242,0,4,551,0
-1019603234,Descent2e,4,GAME_OVER,245,0,4,552,0
1774541662,Descent2e,4,GAME_OVER,259,0,4,553,0
-1762720544,Descent2e,4,GAME_OVER,259,0,4,554,0
-691204715,Descent2e,4,GAME_OVER,230,0,4,555,0
1175823937,Descent2e,4,GAME_OVER,264,0,4,556,0
1257383535,Descent2e,5,GAME_OVER,320,0,4,557,0
-1005203522,Descent2e,4,GAME_OVER,224,0,4,558,0
2008780667,Descent2e,3,GAME_OVER,185,2,4,559,1
-1087004457,Descent2e,4,GAME_OVER,270,0,4,560,0
-2108798556,Descent2e,4,GAME_OVER,255,0,4,561,0
895543413,Descent2e,4,GAME_OVER,243,0,4,562,0
1691358616,Descent2e,4,GAME_OVER,252,0,4,563,0
-61073111,Descent2e,5,GAME_OVER,312,0,4,564,0
-1354857745,Descent2e,4,GAME_OVER,257,0,4,565,0
521193952,Descent2e,4,GAME_OVER,249,0,4,566,0
1709671629,Descent2e,4,GAME_OVER,249,0,4,567,0
1664192056,Descent2e,4,GAME_OVER,225,0,4,568,0
-331809763,Descent2e,5,GAME_OVER,292,0,4,569,0
-730002978,Descent2e,4,GAME_OVER,235,0,4,570,0
-1649247594,Descent2e,4,GAME_OVER,259,0,4,571,0
1308529822,Descent2e,4,GAME_OVER,254,0,4,572,0
1022928679,Descent2e,4,GAME_OVER,249,0,4,573,0
-833216242,Descent2e,4,GAME_OVER,226,0,4,574,0
1843491710,Descent2e,4,GAME_OVER,269,0,4,575,0
-403411469,Descent2e,4,GAME_OVER,221,0,4,576,0
-644248633,Descent2e,4,GAME_OVER,231,0,4,577,0
-271226151,Descent2e,4,GAME_OVER,214,0,4,578,0
-2008521516,Descent2e,4,GAME_OVER,232,0,4,579,0
1063072369,Descent2e,4,GAME_OVER,239,0,4,580,0
-843851186,Descent2e,5,GAME_OVER,279,0,4,581,0
-878796364,Descent2e,4,GAME_OVER,225,0,4,582,0
1597357471,Descent2e,2,GAME_OVER,161,2,4,583,1
-1099796261,Descent2e,4,GAME_OVER,222,0,4,584,0
1570035636,Descent2e,2,GAME_OVER,162,3,4,585,1
-611951706,Descent2e,4,GAME_OVER,254,0,4,586,0
2055471822,Descent2e,4,GAME_OVER,229,0,4,587,0
1310943385,Descent2e,4,GAME_OVER,275,0,4,588,0
-1106118928,Descent2e,4,GAME_OVER,251,0,4,589,0
-1616557304,Descent2e,4,GAME_OVER,220,0,4,590,0
-1414759757,Descent2e,4,GAME_OVER,235,0,4,591,0
-285064665,Descent2e,4,GAME_OVER,265,0,4,592,0
107197322,Descent2e,4,GAME_OVER,229,0,4,593,0
290998155,Descent2e,4,GAME_OVER,211,0,4,594,0
-728458318,Descent2e,4,GAME_OVER,224,2,4,595,1
371321264,Descent2e,4,GAME_OVER,242,0,4,596,0
-734330515,Descent2e,5,GAME_OVER,246,0,4,597,0
-1303813249,Descent2e,4,GAME_OVER,255,0,4,598,0
171389493,Descent2e,4,GAME_OVER,249,0,4,599,0
-64720906,Descent2e,4,GAME_OVER,217,0,4,600,0
-367172095,Descent2e,4,GAME_OVER,254,0,4,601,0
782143826,Descent2e,3,GAME_OVER,178,1,4,602,1
-1729793566,Descent2e,3,GAME_OVER,176,0,4,603,1
-699132556,Descent2e,4,GAME_OVER,231,0,4,604,0
2084638329,Descent2e,4,GAME_OVER,253,0,4,605,0
1076796758,Descent2e,5,GAME_OVER,301,0,4,606,0
-1830066672,Descent2e,5,GAME_OVER,283,0,4,607,0
-1835047995,Descent2e,4,GAME_OVER,251,0,4,608,0
-639404183,Descent2e,4,GAME_OVER,243,0,4,609,0
2003140550,Descent2e,4,GAME_OVER,246,0,4,610,0
-1893304970,Descent2e,4,GAME_OVER,236,0,4,611,0
-1175258810,Descent2e,3,GAME_OVER,187,2,4,612,1
1839888794,Descent2e,5,GAME_OVER,218,0,4,613,0
1099778826,Descent2e,5,GAME_OVER,309,0,4,614,0
2060709157,Descent2e,4,GAME_OVER,221,0,4,615,0
116517626,Descent2e,4,GAME_OVER,219,0,4,616,0
-2008494047,Descent2e,4,GAME_OVER,250,0,4,617,0
-205440454,Descent2e,5,GAME_OVER,232,0,4,618,0
2076755640,Descent2e,4,GAME_OVER,254,0,4,619,0
-1548230482,Descent2e,4,GAME_OVER,245,0,4,620,0
983329709,Descent2e,4,GAME_OVER,209,0,4,621,0
-1843092512,Descent2e,5,GAME_OVER,272,0,4,622,0
-442294839,Descent2e,4,GAME_OVER,203,0,4,623,0
-564244643,Descent2e,4,GAME_OVER,212,3,4,624,1
1896752929,Descent2e,5,GAME_OVER,278,0,4,625,0
1146082561,Descent2e,4,GAME_OVER,208,0,4,626,0
-124188506,Descent2e,4,GAME_OVER,215,0,4,627,0
464549333,Descent2e,5,GAME_OVER,264,0,4,628,0
509587810,Descent2e,4,GAME_OVER,265,0,4,629,0
-159311778,Descent2e,4,GAME_OVER,228,0,4,630,0
982501444,Descent2e,4,GAME_OVER,229,0,4,631,0
1745878937,Descent2e,5,GAME_OVER,230,0,4,632,0
965591153,Descent2e,5,GAME_OVER,245,0,4,633,0
457207287,Descent2e,5,GAME_OVER,243,0,4,634,0
-1503558797,Descent2e,4,GAME_OVER,240,0,4,635,0
-364482039,Descent2e,5,GAME_OVER,267,0,4,636,0
-1640373829,Descent2e,4,GAME_OVER,255,0,4,637,0
789100240,Descent2e,5,GAME_OVER,283,0,4,638,0
149356883,Descent2e,5,GAME_OVER,289,0,4,639,0
-1189230656,Descent2e,4,GAME_OVER,206,0,4,640,1
309361583,Descent2e,2,GAME_OVER,161,2,4,641,1
-546219786,Descent2e,4,GAME_OVER,264,0,4,642,0
-1027729658,Descent2e,5,GAME_OVER,226,0,4,643,0
-581116355,Descent2e,4,GAME_OVER,220,0,4,644,0
886363281,Descent2e,4,GAME_OVER,258,0,4,645,0
629120964,Descent2e,4,GAME_OVER,233,0,4,646,0
-803423066,Descent2e,4,GAME_OVER,218,0,4,647,0
879401412,Descent2e,3,GAME_OVER,175,2,4,648,1
1552298638,Descent2e,5,GAME_OVER,267,0,4,649,0
1601657954,Descent2e,4,GAME_OVER,208,0,4,650,1
-1467220615,Descent2e,4,GAME_OVER,252,0,4,651,0
782558086,Descent2e,4,GAME_OVER,238,0,4,652,0
1303275791,Descent2e,4,GAME_OVER,232,0,4,653,0
1710656142,Descent2e,4,GAME_OVER,259,0,4,654,0
-295356573,Descent2e,4,GAME_OVER,252,0,4,655,0
631694847,Descent2e,5,GAME_OVER,301,0,4,656,0
1943758673,Descent2e,4,GAME_OVER,238,0,4,657,0
-1566573154,Descent2e,4,GAME_OVER,223,0,4,658,0
1688165787,Descent2e,4,GAME_OVER,227,0,4,659,0
76295071,Descent2e,5,GAME_OVER,302,0,4,660,0
1263180853,Descent2e,4,GAME_OVER,244,0,4,661,0
-2141890107,Descent2e,4,GAME_OVER,248,0,4,662,0
-1876872543,Descent2e,4,GAME_OVER,253,0,4,663,0
-587955284,Descent2e,5,GAME_OVER,275,0,4,664,0
224805716,Descent2e,4,GAME_OVER,220,0,4,665,0
-700392043,Descent2e,4,GAME_OVER,235,0,4,666,0
1403563375,Descent2e,5,GAME_OVER,259,0,4,667,0
-1855532698,Descent2e,4,GAME_OVER,248,0,4,668,0
807530326,Descent2e,4,GAME_OVER,219,0,4,669,0
-1544306748,Descent2e,4,GAME_OVER,222,0,4,670,0
-1180238354,Descent2e,4,GAME_OVER,255,0,4,671,0
653207915,Descent2e,4,GAME_OVER,216,0,4,672,0
82109828,Descent2e,4,GAME_OVER,254,0,4,673,0
233186610,Descent2e,3,GAME_OVER,180,0,4,674,1
-1317804885,Descent2e,4,GAME_OVER,251,0,4,675,0
1723261277,Descent2e,4,GAME_OVER,233,0,4,676,0
-947511654,Descent2e,4,GAME_OVER,251,0,4,677,0
-1024330966,Descent2e,5,GAME_OVER,220,0,4,678,0
1815237066,Descent2e,5,GAME_OVER,236,0,4,679,0
-216304191,Descent2e,5,GAME_OVER,221,0,4,680,0
-775487263,Descent2e,4,GAME_OVER,201,0,4,681,0
221381095,Descent2e,5,GAME_OVER,268,0,4,682,0
485195578,Descent2e,3,GAME_OVER,177,1,4,683,1
-1397528023,Descent2e,5,GAME_OVER,243,0,4,684,0
-654891139,Descent2e,5,GAME_OVER,303,0,4,685,0
-817663142,Descent2e,4,GAME_OVER,239,0,4,686,0
1980037673,Descent2e,4,GAME_OVER,242,0,4,687,0
2029946773,Descent2e,4,GAME_OVER,243,0,4,688,0
456968963,Descent2e,4,GAME_OVER,193,0,4,689,0
-1702940118,Descent2e,4,GAME_OVER,269,0,4,690,0
1468616634,Descent2e,4,GAME_OVER,248,0,4,691,0
275848471,Descent2e,4,GAME_OVER,205,0,4,692,0
94543694,Descent2e,5,GAME_OVER,276,0,4,693,0
798874876,Descent2e,4,GAME_OVER,240,0,4,694,0
-1258139403,Descent2e,4,GAME_OVER,238,0,4,695,0
845162165,Descent2e,4,GAME_OVER,199,1,4,696,1
214252178,Descent2e,4,GAME_OVER,192,0,4,697,0
-375873036,Descent2e,4,GAME_OVER,235,0,4,698,0
-232840705,Descent2e,5,GAME_OVER,312,0,4,699,0
1699643026,Descent2e,4,GAME_OVER,236,0,4,700,0
1829198257,Descent2e,4,GAME_OVER,241,0,4,701,0
1589497466,Descent2e,3,GAME_OVER,184,1,4,702,1
1917814922,Descent2e,4,GAME_OVER,264,0,4,703,0
-1887863729,Descent2e,5,GAME_OVER,307,0,4,704,0
500536781,Descent2e,4,GAME_OVER,242,0,4,705,0
-2045241536,Descent2e,4,GAME_OVER,243,0,4,706,0
740371854,Descent2e,4,GAME_OVER,259,0,4,707,0
679847598,Descent2e,5,GAME_OVER,283,0,4,708,0
452419358,Descent2e,4,GAME_OVER,219,0,4,709,0
-1011622780,Descent2e,4,GAME_OVER,235,0,4,710,0
79873593,Descent2e,2,GAME_OVER,163,2,4,711,1
1611815800,Descent2e,3,GAME_OVER,203,1,4,712,1
-126594812,Descent2e,4,GAME_OVER,225,0,4,713,0
-985796974,Descent2e,4,GAME_OVER,207,1,4,714,1
98326563,Descent2e,4,GAME_OVER,205,1,4,715,1
1342542241,Descent2e,4,GAME_OVER,278,0,4,716,0
-1905118369,Descent2e,4,GAME_OVER,237,0,4,717,0
908826252,Descent2e,5,GAME_OVER,275,0,4,718,0
388697285,Descent2e,4,GAME_OVER,284,0,4,719,0
-1966138967,Descent2e,4,GAME_OVER,249,0,4,720,0
199310622,Descent2e,3,GAME_OVER,184,0,4,721,1
794027885,Descent2e,4,GAME_OVER,234,0,4,722,0
1765951531,Descent2e,4,GAME_OVER,233,0,4,723,0
267714628,Descent2e,4,GAME_OVER,240,0,4,724,0
1578200086,Descent2e,4,GAME_OVER,222,0,4,725,0
1306434379,Descent2e,4,GAME_OVER,220,0,4,726,1
-960825624,Descent2e,4,GAME_OVER,257,0,4,727,0
-768542916,Descent2e,4,GAME_OVER,271,0,4,728,0
564463124,Descent2e,4,GAME_OVER,250,0,4,729,0
-2131951396,Descent2e,4,GAME_OVER,249,0,4,730,0
1479886667,Descent2e,3,GAME_OVER,196,2,4,731,1
-1937708906,Descent2e,4,GAME_OVER,231,0,4,732,0
469866293,Descent2e,4,GAME_OVER,251,0,4,733,0
-1868186310,Descent2e,4,GAME_OVER,220,0,4,734,0
1293959631,Descent2e,4,GAME_OVER,227,0,4,735,0
353048563,Descent2e,4,GAME_OVER,254,0,4,736,0
-56491660,Descent2e,4,GAME_OVER,244,0,4,737,0
-594254358,Descent2e,4,GAME_OVER,245,0,4,738,0
1115550935,Descent2e,4,GAME_OVER,230,0,4,739,0
-1076332999,Descent2e,4,GAME_OVER,236,0,4,740,0
549548419,Descent2e,4,GAME_OVER,251,0,4,741,0
-824559846,Descent2e,4,GAME_OVER,262,0,4,742,0
286402458,Descent2e,5,GAME_OVER,250,0,4,743,0
-1368519822,Descent2e,4,GAME_OVER,225,2,4,744,1
-1560261409,Descent2e,5,GAME_OVER,292,0,4,745,0
-2051184086,Descent2e,4,GAME_OVER,262,0,4,746,0
13944923,Descent2e,4,GAME_OVER,238,0,4,747,0
913873651,Descent2e,4,GAME_OVER,204,0,4,748,0
-786338530,Descent2e,3,GAME_OVER,175,2,4,749,1
-2114391955,Descent2e,4,GAME_OVER,246,0,4,750,0
-949974562,Descent2e,4,GAME_OVER,211,0,4,751,1
1464591808,Descent2e,4,GAME_OVER,261,0,4,752,0
1963932811,Descent2e,4,GAME_OVER,248,0,4,753,0
101094959,Descent2e,4,GAME_OVER,216,0,4,754,0
1974035478,Descent2e,4,GAME_OVER,224,0,4,755,0
-1507250385,Descent2e,4,GAME_OVER,234,0,4,756,0
1228769268,Descent2e,4,GAME_OVER,242,0,4,757,0
-843460102,Descent2e,4,GAME_OVER,195,0,4,758,0
-976360414,Descent2e,4,GAME_OVER,243,0,4,759,0
844556234,Descent2e,4,GAME_OVER,215,0,4,760,0
-1669981759,Descent2e,4,GAME_OVER,249,0,4,761,0
-299777003,Descent2e,4,GAME_OVER,227,0,4,762,0
2140256122,Descent2e,4,GAME_OVER,212,0,4,763,0
-833772935,Descent2e,4,GAME_OVER,237,0,4,764,0
325808712,Descent2e,4,GAME_OVER,204,0,4,765,0
-670225843,Descent2e,4,GAME_OVER,211,0,4,766,0
-935444891,Descent2e,4,GAME_OVER,230,0,4,767,0
2027730912,Descent2e,5,GAME_OVER,225,0,4,768,0
-1337052832,Descent2e,4,GAME_OVER,229,0,4,769,0
2079542263,Descent2e,4,GAME_OVER,242,0,4,770,0
-1131744850,Descent2e,5,GAME_OVER,305,0,4,771,0
-2106901498,Descent2e,4,GAME_OVER,240,0,4,772,0
-1219033804,Descent2e,3,GAME_OVER,175,3,4,773,1
-2001657292,Descent2e,4,GAME_OVER,204,0,4,774,0
805599126,Descent2e,4,GAME_OVER,261,0,4,775,0
-1784665546,Descent2e,4,GAME_OVER,234,0,4,776,0
-1543490984,Descent2e,4,GAME_OVER,234,0,4,777,0
1337606262,Descent2e,4,GAME_OVER,228,0,4,778,0
-1737079796,Descent2e,4,GAME_OVER,246,0,4,779,0
973531946,Descent2e,4,GAME_OVER,228,0,4,780,0
2059864353,Descent2e,4,GAME_OVER,246,0,4,781,0
1699823939,Descent2e,4,GAME_OVER,231,0,4,782,0
878247963,Descent2e,4,GAME_OVER,252,0,4,783,0
1492359525,Descent2e,4,GAME_OVER,271,0,4,784,0
939449392,Descent2e,4,GAME_OVER,245,0,4,785,0
39041849,Descent2e,4,GAME_OVER,272,0,4,786,0
1148941475,Descent2e,4,GAME_OVER,192,0,4,787,0
54306783,Descent2e,4,GAME_OVER,231,0,4,788,0
-1564193712,Descent2e,4,GAME_OVER,242,0,4,789,0
727843409,Descent2e,4,GAME_OVER,233,0,4,790,0
-1841107893,Descent2e,4,GAME_OVER,262,0,4,791,0
1469435623,Descent2e,4,GAME_OVER,279,0,4,792,0
750321026,Descent2e,4,GAME_OVER,251,0,4,793,0
-555009689,Descent2e,4,GAME_OVER,256,0,4,794,0
-2143600459,Descent2e,4,GAME_OVER,248,0,4,795,0
1068655429,Descent2e,4,GAME_OVER,231,0,4,796,0
-518190764,Descent2e,4,GAME_OVER,236,0,4,797,0
-47548423,Descent2e,3,GAME_OVER,180,1,4,798,1
159254260,Descent2e,4,GAME_OVER,216,0,4,799,0
1947433886,Descent2e,4,GAME_OVER,229,0,4,800,0
1767686777,Descent2e,5,GAME_OVER,289,0,4,801,0
984221742,Descent2e,5,GAME_OVER,282,0,4,802,0
-1862561990,Descent2e,4,GAME_OVER,217,0,4,803,0
633899036,Descent2e,4,GAME_OVER,223,0,4,804,0
1602133398,Descent2e,5,GAME_OVER,289,0,4,805,0
1940783386,Descent2e,5,GAME_OVER,289,0,4,806,0
1529326549,Descent2e,4,GAME_OVER,246,0,4,807,0
145702989,Descent2e,4,GAME_OVER,214,0,4,808,0
558256985,Descent2e,4,GAME_OVER,234,0,4,809,0
-449330880,Descent2e,5,GAME_OVER,278,0,4,810,0
1580692316,Descent2e,5,GAME_OVER,284,0,4,811,0
-1708520629,Descent2e,4,GAME_OVER,251,0,4,812,0
111120336,Descent2e,4,GAME_OVER,218,0,4,813,0
-1419244200,Descent2e,4,GAME_OVER,252,0,4,814,0
-1908641243,Descent2e,3,GAME_OVER,192,3,4,815,1
638731805,Descent2e,5,GAME_OVER,281,0,4,816,0
-1003240712,Descent2e,5,GAME_OVER,259,0,4,817,0
-182593711,Descent2e,4,GAME_OVER,246,0,4,818,0
1849491193,Descent2e,5,GAME_OVER,312,0,4,819,0
-1742861219,Descent2e,4,GAME_OVER,256,0,4,820,0
892593811,Descent2e,4,GAME_OVER,243,0,4,821,0
1846276504,Descent2e,5,GAME_OVER,294,0,4,822,0
-181360885,Descent2e,4,GAME_OVER,224,0,4,823,0
-515414246,Descent2e,4,GAME_OVER,256,0,4,824,0
781733181,Descent2e,5,GAME_OVER,247,0,4,825,0
-1017105766,Descent2e,4,GAME_OVER,250,0,4,826,0
1757603109,Descent2e,4,GAME_OVER,242,0,4,827,0
154994175,Descent2e,4,GAME_OVER,294,0,4,828,0
396742337,Descent2e,4,GAME_OVER,240,0,4,829,0
-272970616,Descent2e,3,GAME_OVER,184,0,4,830,1
-819095517,Descent2e,4,GAME_OVER,249,0,4,831,0
-1178409292,Descent2e,4,GAME_OVER,189,0,4,832,0
547939752,Descent2e,5,GAME_OVER,252,0,4,833,0
1104993625,Descent2e,4,GAME_OVER,256,0,4,834,0
-660607835,Descent2e,4,GAME_OVER,208,0,4,835,1
-1620341116,Descent2e,4,GAME_OVER,280,0,4,836,0
919376403,Descent2e,4,GAME_OVER,193,0,4,837,0
845249300,Descent2e,5,GAME_OVER,244,0,4,838,0
1723706879,Descent2e,4,GAME_OVER,252,0,4,839,0
-1233601985,Descent2e,4,GAME_OVER,243,0,4,840,0
2080118218,Descent2e,3,GAME_OVER,177,2,4,841,1
-129712049,Descent2e,4,GAME_OVER,237,0,4,842,0
554578548,Descent2e,5,GAME_OVER,285,0,4,843,0
-29579167,Descent2e,4,GAME_OVER,267,0,4,844,0
-1592009324,Descent2e,4,GAME_OVER,231,0,4,845,0
103849202,Descent2e,4,GAME_OVER,224,0,4,846,1
1056003748,Descent2e,3,GAME_OVER,191,1,4,847,1
-146579085,Descent2e,4,GAME_OVER,217,0,4,848,0
685190088,Descent2e,4,GAME_OVER,247,0,4,849,0
-608211136,Descent2e,4,GAME_OVER,265,0,4,850,0
-31179710,Descent2e,4,GAME_OVER,252,0,4,851,0
1126015665,Descent2e,4,GAME_OVER,259,0,4,852,0
1191532579,Descent2e,4,GAME_OVER,226,0,4,853,0
-899634920,Descent2e,4,GAME_OVER,202,0,4,854,1
927383561,Descent2e,4,GAME_OVER,205,1,4,855,1
505237228,Descent2e,3,GAME_OVER,160,0,4,856,1
-847071012,Descent2e,4,GAME_OVER,205,0,4,857,0
-443808393,Descent2e,4,GAME_OVER,243,0,4,858,0
1936579312,Descent2e,5,GAME_OVER,205,0,4,859,0
-974288463,Descent2e,4,GAME_OVER,221,0,4,860,0
-1064924938,Descent2e,4,GAME_OVER,224,0,4,861,0
-2051796416,Descent2e,4,GAME_OVER,263,0,4,862,0
-1914805605,Descent2e,4,GAME_OVER,213,0,4,863,0
569303211,Descent2e,4,GAME_OVER,218,0,4,864,0
-1287626796,Descent2e,4,GAME_OVER,266,0,4,865,0
-986639809,Descent2e,4,GAME_OVER,262,0,4,866,0
-1093739243,Descent2e,4,GAME_OVER,246,0,4,867,0
-1109252283,Descent2e,3,GAME_OVER,212,2,4,868,1
-1222832622,Descent2e,3,GAME_OVER,178,2,4,869,1
-1435927701,Descent2e,4,GAME_OVER,234,0,4,870,0
1321622460,Descent2e,4,GAME_OVER,238,0,4,871,0
-755832685,Descent2e,4,GAME_OVER,247,0,4,872,0
1304163217,Descent2e,4,GAME_OVER,203,2,4,873,1
1259181419,Descent2e,4,GAME_OVER,233,0,4,874,0
-1055288964,Descent2e,4,GAME_OVER,235,0,4,875,0
1356632946,Descent2e,4,GAME_OVER,224,0,4,876,0
-1667554605,Descent2e,4,GAME_OVER,248,0,4,877,0
-577766309,Descent2e,4,GAME_OVER,255,0,4,878,0
241604671,Descent2e,4,GAME_OVER,244,0,4,879,0
-1762409235,Descent2e,4,GAME_OVER,241,0,4,880,0
-619584118,Descent2e,4,GAME_OVER,255,0,4,881,0
811404239,Descent2e,5,GAME_OVER,276,0,4,882,0
1359157668,Descent2e,4,GAME_OVER,237,0,4,883,0
1972327650,Descent2e,5,GAME_OVER,302,0,4,884,0
748058219,Descent2e,3,GAME_OVER,177,2,4,885,1
1710192151,Descent2e,5,GAME_OVER,243,0,4,886,0
-1000878354,Descent2e,4,GAME_OVER,211,0,4,887,0
-1444738844,Descent2e,4,GAME_OVER,248,0,4,888,0
2076509254,Descent2e,5,GAME_OVER,266,0,4,889,0
-1308587068,Descent2e,4,GAME_OVER,222,0,4,890,0
408915006,Descent2e,4,GAME_OVER,249,0,4,891,0
-82308765,Descent2e,4,GAME_OVER,207,0,4,892,0
1936413275,Descent2e,4,GAME_OVER,251,0,4,893,0
2063005547,Descent2e,4,GAME_OVER,264,0,4,894,0
992955141,Descent2e,4,GAME_OVER,230,0,4,895,0
2106438922,Descent2e,4,GAME_OVER,244,0,4,896,0
-214070811,Descent2e,4,GAME_OVER,263,0,4,897,0
194965928,Descent2e,4,GAME_OVER,277,0,4,898,0
-288364621,Descent2e,4,GAME_OVER,251,0,4,899,0
-85012888,Descent2e,3,GAME_OVER,200,2,4,900,1
-1156706053,Descent2e,4,GAME_OVER,256,0,4,901,0
-2006765211,Descent2e,4,GAME_OVER,225,0,4,902,1
-787904844,Descent2e,5,GAME_OVER,307,0,4,903,0
-1452343342,Descent2e,4,GAME_OVER,253,0,4,904,0
-89425256,Descent2e,4,GAME_OVER,229,0,4,905,0
1089346652,Descent2e,4,GAME_OVER,244,0,4,906,0
541840540,Descent2e,4,GAME_OVER,211,2,4,907,1
-196296314,Descent2e,4,GAME_OVER,294,0,4,908,0
-886774792,Descent2e,5,GAME_OVER,222,0,4,909,0
-1618019367,Descent2e,3,GAME_OVER,193,2,4,910,1
870159776,Descent2e,5,GAME_OVER,303,0,4,911,0
971222547,Descent2e,5,GAME_OVER,283,0,4,912,0
-1318694107,Descent2e,4,GAME_OVER,234,0,4,913,0
-885573180,Descent2e,4,GAME_OVER,227,0,4,914,0
-1322174392,Descent2e,4,GAME_OVER,264,0,4,915,0
-764628744,Descent2e,4,GAME_OVER,228,0,4,916,0
1596189392,Descent2e,4,GAME_OVER,211,0,4,917,0
-1147147810,Descent2e,4,GAME_OVER,231,0,4,918,0
1541627746,Descent2e,4,GAME_OVER,226,0,4,919,0
339737483,Descent2e,4,GAME_OVER,243,0,4,920,0
1059325796,Descent2e,4,GAME_OVER,272,0,4,921,0
-1318575286,Descent2e,4,GAME_OVER,243,0,4,922,0
2093193017,Descent2e,4,GAME_OVER,230,0,4,923,0
692511772,Descent2e,5,GAME_OVER,279,0,4,924,0
-1838835368,Descent2e,4,GAME_OVER,234,0,4,925,0
838921807,Descent2e,5,GAME_OVER,274,0,4,926,0
1167501830,Descent2e,4,GAME_OVER,213,0,4,927,0
-1819667622,Descent2e,4,GAME_OVER,263,0,4,928,0
765546692,Descent2e,4,GAME_OVER,267,0,4,929,0
1229179484,Descent2e,4,GAME_OVER,215,0,4,930,0
-29014105,Descent2e,4,GAME_OVER,230,0,4,931,0
111846388,Descent2e,4,GAME_OVER,276,0,4,932,0
1199140407,Descent2e,4,GAME_OVER,251,0,4,933,0
-1529016244,Descent2e,3,GAME_OVER,205,3,4,934,1
-736037746,Descent2e,5,GAME_OVER,274,0,4,935,0
2010847363,Descent2e,5,GAME_OVER,310,0,4,936,0
1486179527,Descent2e,4,GAME_OVER,170,0,4,937,1
1619244266,Descent2e,4,GAME_OVER,224,0,4,938,0
-1340836869,Descent2e,4,GAME_OVER,289,0,4,939,0
-807973978,Descent2e,5,GAME_OVER,319,0,4,940,0
1025702248,Descent2e,5,GAME_OVER,270,0,4,941,0
294399926,Descent2e,5,GAME_OVER,306,0,4,942,0
-734781075,Descent2e,4,GAME_OVER,254,0,4,943,0
-1062683026,Descent2e,4,GAME_OVER,244,0,4,944,0
-1811256447,Descent2e,3,GAME_OVER,179,2,4,945,1
-721647127,Descent2e,4,GAME_OVER,228,0,4,946,0
796257621,Descent2e,4,GAME_OVER,207,0,4,947,0
-973674243,Descent2e,4,GAME_OVER,247,0,4,948,0
-1732037956,Descent2e,4,GAME_OVER,227,0,4,949,0
555997622,Descent2e,5,GAME_OVER,305,0,4,950,0
1319104781,Descent2e,4,GAME_OVER,215,0,4,951,0
276394345,Descent2e,5,GAME_OVER,292,0,4,952,0
1383509533,Descent2e,4,GAME_OVER,276,0,4,953,0
-1290293806,Descent2e,5,GAME_OVER,255,0,4,954,0
-1091056120,Descent2e,4,GAME_OVER,244,0,4,955,0
-165909275,Descent2e,4,GAME_OVER,249,0,4,956,0
723918933,Descent2e,5,GAME_OVER,244,0,4,957,0
-1247924938,Descent2e,4,GAME_OVER,244,0,4,958,0
959204425,Descent2e,4,GAME_OVER,259,0,4,959,0
-960164062,Descent2e,4,GAME_OVER,229,0,4,960,0
-1523763880,Descent2e,4,GAME_OVER,228,0,4,961,0
-902566109,Descent2e,4,GAME_OVER,272,0,4,962,0
1419111448,Descent2e,4,GAME_OVER,232,0,4,963,0
-1951962126,Descent2e,3,GAME_OVER,179,2,4,964,1
-1712403155,Descent2e,4,GAME_OVER,245,0,4,965,0
-901197978,Descent2e,4,GAME_OVER,252,0,4,966,0
461528819,Descent2e,4,GAME_OVER,249,0,4,967,0
319041326,Descent2e,4,GAME_OVER,218,0,4,968,0
-352116732,Descent2e,4,GAME_OVER,197,0,4,969,0
1186939613,Descent2e,4,GAME_OVER,250,0,4,970,0
470424515,Descent2e,4,GAME_OVER,259,0,4,971,0
-1238405414,Descent2e,4,GAME_OVER,241,2,4,972,1
-451178611,Descent2e,2,GAME_OVER,165,3,4,973,1
577630265,Descent2e,4,GAME_OVER,258,0,4,974,0
1831764559,Descent2e,4,GAME_OVER,246,0,4,975,0
-500171898,Descent2e,5,GAME_OVER,230,1,4,976,1
1648474503,Descent2e,4,GAME_OVER,217,2,4,977,1
1243320580,Descent2e,5,GAME_OVER,285,0,4,978,0
955400693,Descent2e,4,GAME_OVER,234,0,4,979,0
-1772563722,Descent2e,4,GAME_OVER,244,0,4,980,0
1969004438,Descent2e,4,GAME_OVER,249,0,4,981,0
-311861531,Descent2e,4,GAME_OVER,217,0,4,982,0
1225062294,Descent2e,4,GAME_OVER,221,0,4,983,0
-1372284667,Descent2e,4,GAME_OVER,258,0,4,984,0
-1673529255,Descent2e,3,GAME_OVER,213,2,4,985,1
-1465872093,Descent2e,5,GAME_OVER,268,0,4,986,0
-1615448366,Descent2e,4,GAME_OVER,256,0,4,987,0
-281724218,Descent2e,4,GAME_OVER,246,0,4,988,0
-46727749,Descent2e,5,GAME_OVER,299,0,4,989,0
2073800295,Descent2e,4,GAME_OVER,238,0,4,990,0
-1854705035,Descent2e,4,GAME_OVER,236,0,4,991,0
-451403797,Descent2e,4,GAME_OVER,249,0,4,992,0
-2109911927,Descent2e,4,GAME_OVER,263,0,4,993,0
-296962363,Descent2e,4,GAME_OVER,228,0,4,994,0
257390640,Descent2e,4,GAME_OVER,195,0,4,995,0
-1408135574,Descent2e,3,GAME_OVER,209,2,4,996,1
-64116411,Descent2e,4,GAME_OVER,225,0,4,997,0
1542285821,Descent2e,4,GAME_OVER,207,0,4,998,0
-930516085,Descent2e,4,GAME_OVER,233,0,4,999,0
-740809635,Descent2e,4,GAME_OVER,238,0,4,1000,0
878165561,Descent2e,4,GAME_OVER,243,0,4,1001,0
