GameSeed,GameName,Round,Event,Tick,Turn,PlayerCount,GameID,WinnerType
-2106311596,Descent2e,5,GAME_OVER,239,0,4,2,overlord
-434876880,Descent2e,4,GAME_OVER,255,0,4,3,overlord
-1531226042,Descent2e,4,GAME_OVER,232,0,4,4,overlord
1472162448,Descent2e,4,GAME_OVER,185,0,4,5,hero
1098128611,Descent2e,4,GAME_OVER,249,0,4,6,overlord
726075031,Descent2e,4,GAME_OVER,189,0,4,7,overlord
1949019889,Descent2e,4,GAME_OVER,187,0,4,8,overlord
-868400014,Descent2e,4,GAME_OVER,245,0,4,9,overlord
1658705723,Descent2e,4,GAME_OVER,232,0,4,10,overlord
-1459022739,Descent2e,4,GAME_OVER,252,0,4,11,overlord
686380075,Descent2e,4,GAME_OVER,240,0,4,12,overlord
-1832735679,Descent2e,4,GAME_OVER,208,0,4,13,overlord
-170836685,Descent2e,4,GAME_OVER,218,0,4,14,overlord
192253389,Descent2e,4,GAME_OVER,263,0,4,15,overlord
-1288883639,Descent2e,4,GAME_OVER,244,0,4,16,overlord
495210545,Descent2e,5,GAME_OVER,239,0,4,17,overlord
623067577,Descent2e,5,GAME_OVER,223,0,4,18,overlord
1348299175,Descent2e,4,GAME_OVER,250,0,4,19,overlord
-371345131,Descent2e,4,GAME_OVER,247,0,4,20,overlord
1431328153,Descent2e,4,GAME_OVER,226,0,4,21,overlord
-538768873,Descent2e,4,GAME_OVER,214,0,4,22,overlord
-131927630,Descent2e,4,GAME_OVER,237,0,4,23,overlord
625973931,Descent2e,4,GAME_OVER,238,0,4,24,overlord
-2122080756,Descent2e,4,GAME_OVER,239,0,4,25,overlord
-12038281,Descent2e,3,GAME_OVER,186,1,4,26,hero
-1249517663,Descent2e,4,GAME_OVER,244,0,4,27,overlord
2136666787,Descent2e,4,GAME_OVER,265,0,4,28,overlord
-546977367,Descent2e,4,GAME_OVER,210,0,4,29,hero
1617417385,Descent2e,4,GAME_OVER,236,0,4,30,overlord
167221652,Descent2e,4,GAME_OVER,256,0,4,31,overlord
1685666676,Descent2e,4,GAME_OVER,219,0,4,32,overlord
1184008882,Descent2e,4,GAME_OVER,239,0,4,33,overlord
-359467998,Descent2e,4,GAME_OVER,231,0,4,34,overlord
965886417,Descent2e,4,GAME_OVER,236,0,4,35,overlord
-33376745,Descent2e,4,GAME_OVER,225,0,4,36,overlord
1399594587,Descent2e,4,GAME_OVER,227,0,4,37,overlord
-1240233401,Descent2e,5,GAME_OVER,284,0,4,38,overlord
-1941664333,Descent2e,4,GAME_OVER,201,0,4,39,hero
367536106,Descent2e,5,GAME_OVER,290,0,4,40,overlord
66846436,Descent2e,4,GAME_OVER,185,0,4,41,overlord
977649644,Descent2e,4,GAME_OVER,214,0,4,42,overlord
1148164066,Descent2e,4,GAME_OVER,203,1,4,43,hero
-1028648233,Descent2e,4,GAME_OVER,197,0,4,44,overlord
1818501865,Descent2e,4,GAME_OVER,252,0,4,45,overlord
438663446,Descent2e,5,GAME_OVER,274,0,4,46,overlord
-581754428,Descent2e,4,GAME_OVER,215,0,4,47,overlord
760007605,Descent2e,5,GAME_OVER,288,0,4,48,overlord
-1487643144,Descent2e,4,GAME_OVER,226,0,4,49,overlord
1534946312,Descent2e,4,GAME_OVER,211,0,4,50,hero
-2005403598,Descent2e,4,GAME_OVER,262,0,4,51,overlord
2077430509,Descent2e,4,GAME_OVER,261,0,4,52,overlord
-1038305692,Descent2e,4,GAME_OVER,232,0,4,53,overlord
1531061373,Descent2e,4,GAME_OVER,255,0,4,54,overlord
-133206162,Descent2e,4,GAME_OVER,227,0,4,55,overlord
-1569778848,Descent2e,4,GAME_OVER,256,0,4,56,overlord
-2077309864,Descent2e,4,GAME_OVER,233,0,4,57,overlord
-108824783,Descent2e,4,GAME_OVER,241,0,4,58,overlord
-130405803,Descent2e,5,GAME_OVER,301,0,4,59,overlord
-110105720,Descent2e,4,GAME_OVER,240,0,4,60,overlord
1416457774,Descent2e,4,GAME_OVER,221,0,4,61,overlord
1426270630,Descent2e,5,GAME_OVER,308,0,4,62,overlord
1234673872,Descent2e,4,GAME_OVER,238,0,4,63,overlord
-903863075,Descent2e,4,GAME_OVER,263,0,4,64,overlord
1959499265,Descent2e,4,GAME_OVER,233,0,4,65,overlord
438817316,Descent2e,4,GAME_OVER,229,0,4,66,overlord
1872959888,Descent2e,4,GAME_OVER,253,0,4,67,overlord
-22823559,Descent2e,3,GAME_OVER,176,2,4,68,hero
2075102336,Descent2e,4,GAME_OVER,244,0,4,69,overlord
1055863808,Descent2e,4,GAME_OVER,224,0,4,70,overlord
2088372985,Descent2e,3,GAME_OVER,169,1,4,71,hero
427468798,Descent2e,3,GAME_OVER,196,1,4,72,hero
-1818600187,Descent2e,5,GAME_OVER,297,0,4,73,overlord
-437019615,Descent2e,4,GAME_OVER,233,0,4,74,overlord
1290999646,Descent2e,4,GAME_OVER,246,0,4,75,overlord
164685239,Descent2e,4,GAME_OVER,257,0,4,76,overlord
703547109,Descent2e,5,GAME_OVER,216,0,4,77,overlord
-1312030273,Descent2e,4,GAME_OVER,207,0,4,78,overlord
-1834215313,Descent2e,4,GAME_OVER,296,0,4,79,overlord
951295741,Descent2e,4,GAME_OVER,224,0,4,80,overlord
1990785033,Descent2e,3,GAME_OVER,183,2,4,81,hero
-1203310738,Descent2e,4,GAME_OVER,231,0,4,82,overlord
-1725370897,Descent2e,5,GAME_OVER,326,0,4,83,overlord
-892019237,Descent2e,5,GAME_OVER,256,0,4,84,overlord
-1651548995,Descent2e,4,GAME_OVER,232,0,4,85,overlord
1853651035,Descent2e,5,GAME_OVER,207,0,4,86,overlord
-24902743,Descent2e,4,GAME_OVER,255,0,4,87,overlord
-251801867,Descent2e,4,GAME_OVER,240,0,4,88,overlord
525998279,Descent2e,4,GAME_OVER,239,0,4,89,overlord
-1011630636,Descent2e,4,GAME_OVER,233,0,4,90,overlord
-355679580,Descent2e,4,GAME_OVER,259,0,4,91,overlord
-924210011,Descent2e,4,GAME_OVER,247,0,4,92,overlord
1129905595,Descent2e,4,GAME_OVER,208,0,4,93,overlord
1708968205,Descent2e,4,GAME_OVER,222,0,4,94,overlord
1782538645,Descent2e,4,GAME_OVER,218,0,4,95,overlord
-1354647450,Descent2e,3,GAME_OVER,196,1,4,96,hero
33362573,Descent2e,4,GAME_OVER,225,0,4,97,overlord
254262560,Descent2e,5,GAME_OVER,290,0,4,98,overlord
-515585900,Descent2e,4,GAME_OVER,224,0,4,99,overlord
-1944787339,Descent2e,4,GAME_OVER,189,0,4,100,overlord
-1959657368,Descent2e,4,GAME_OVER,237,0,4,101,overlord
1028564309,Descent2e,4,GAME_OVER,230,0,4,102,overlord
-2065662957,Descent2e,4,GAME_OVER,221,0,4,103,overlord
195829685,Descent2e,4,GAME_OVER,210,2,4,104,hero
-1574897475,Descent2e,4,GAME_OVER,251,0,4,105,overlord
-793287773,Descent2e,5,GAME_OVER,287,0,4,106,overlord
-232930549,Descent2e,4,GAME_OVER,272,0,4,107,overlord
2017869266,Descent2e,4,GAME_OVER,238,0,4,108,overlord
-537696098,Descent2e,3,GAME_OVER,189,0,4,109,hero
-1880652938,Descent2e,4,GAME_OVER,254,0,4,110,overlord
2053930103,Descent2e,4,GAME_OVER,209,0,4,111,overlord
72689065,Descent2e,4,GAME_OVER,217,0,4,112,overlord
1102908747,Descent2e,4,GAME_OVER,185,0,4,113,hero
857470131,Descent2e,5,GAME_OVER,293,0,4,114,overlord
1156667397,Descent2e,3,GAME_OVER,158,1,4,115,hero
1787274215,Descent2e,4,GAME_OVER,197,0,4,116,overlord
-937804275,Descent2e,4,GAME_OVER,245,0,4,117,overlord
2020799224,Descent2e,4,GAME_OVER,208,0,4,118,overlord
-1261148661,Descent2e,5,GAME_OVER,282,0,4,119,overlord
1602351087,Descent2e,3,GAME_OVER,191,3,4,120,hero
176717634,Descent2e,4,GAME_OVER,229,0,4,121,overlord
1664523560,Descent2e,4,GAME_OVER,260,0,4,122,overlord
-2049690953,Descent2e,4,GAME_OVER,231,0,4,123,overlord
316733697,Descent2e,4,GAME_OVER,302,4,4,124,overlord
1917629113,Descent2e,5,GAME_OVER,303,0,4,125,overlord
-2068119258,Descent2e,4,GAME_OVER,272,0,4,126,overlord
571662474,Descent2e,5,GAME_OVER,252,0,4,127,overlord
-129834600,Descent2e,4,GAME_OVER,243,0,4,128,overlord
-367298241,Descent2e,4,GAME_OVER,200,1,4,129,hero
1529520095,Descent2e,4,GAME_OVER,252,0,4,130,overlord
-378145273,Descent2e,4,GAME_OVER,238,0,4,131,overlord
-137278190,Descent2e,4,GAME_OVER,248,0,4,132,overlord
-1779590791,Descent2e,3,GAME_OVER,183,3,4,133,hero
248032654,Descent2e,3,GAME_OVER,225,2,4,134,hero
-2092379481,Descent2e,5,GAME_OVER,281,0,4,135,overlord
-1905237098,Descent2e,4,GAME_OVER,235,0,4,136,overlord
313753588,Descent2e,4,GAME_OVER,264,0,4,137,overlord
1088459323,Descent2e,3,GAME_OVER,217,3,4,138,hero
425525007,Descent2e,5,GAME_OVER,282,0,4,139,overlord
176140337,Descent2e,4,GAME_OVER,224,0,4,140,overlord
-1657262982,Descent2e,5,GAME_OVER,246,0,4,141,overlord
487485060,Descent2e,4,GAME_OVER,248,0,4,142,overlord
937610372,Descent2e,4,GAME_OVER,242,0,4,143,overlord
289946946,Descent2e,4,GAME_OVER,240,0,4,144,overlord
-1279975257,Descent2e,5,GAME_OVER,265,0,4,145,overlord
1443145887,Descent2e,4,GAME_OVER,228,0,4,146,overlord
1642592158,Descent2e,4,GAME_OVER,222,0,4,147,overlord
-1257925864,Descent2e,4,GAME_OVER,281,0,4,148,overlord
-2086788165,Descent2e,4,GAME_OVER,276,0,4,149,overlord
1454294430,Descent2e,2,GAME_OVER,134,1,4,150,hero
-1894694341,Descent2e,4,GAME_OVER,229,0,4,151,overlord
1110277337,Descent2e,4,GAME_OVER,257,0,4,152,overlord
105181104,Descent2e,4,GAME_OVER,219,0,4,153,overlord
1741820661,Descent2e,4,GAME_OVER,242,0,4,154,overlord
1191131318,Descent2e,5,GAME_OVER,237,0,4,155,overlord
1450489765,Descent2e,4,GAME_OVER,231,0,4,156,overlord
-1335747697,Descent2e,4,GAME_OVER,237,0,4,157,overlord
1297146937,Descent2e,5,GAME_OVER,268,0,4,158,overlord
-383936935,Descent2e,5,GAME_OVER,293,0,4,159,overlord
-78843910,Descent2e,4,GAME_OVER,249,0,4,160,overlord
999413502,Descent2e,4,GAME_OVER,232,0,4,161,overlord
1698523434,Descent2e,4,GAME_OVER,236,0,4,162,overlord
-1751122673,Descent2e,4,GAME_OVER,246,0,4,163,overlord
846901593,Descent2e,4,GAME_OVER,251,0,4,164,overlord
1520978718,Descent2e,4,GAME_OVER,271,0,4,165,overlord
1513447411,Descent2e,4,GAME_OVER,249,0,4,166,overlord
-647629730,Descent2e,3,GAME_OVER,224,2,4,167,hero
1546136617,Descent2e,3,GAME_OVER,184,2,4,168,hero
866825363,Descent2e,4,GAME_OVER,237,0,4,169,overlord
1112549295,Descent2e,4,GAME_OVER,255,0,4,170,overlord
866870163,Descent2e,4,GAME_OVER,229,0,4,171,overlord
-188484132,Descent2e,4,GAME_OVER,241,0,4,172,overlord
-1317565725,Descent2e,5,GAME_OVER,274,0,4,173,overlord
-1870858449,Descent2e,4,GAME_OVER,278,0,4,174,overlord
151649086,Descent2e,5,GAME_OVER,267,0,4,175,overlord
-1672927408,Descent2e,4,GAME_OVER,207,0,4,176,overlord
620316932,Descent2e,5,GAME_OVER,309,0,4,177,overlord
-1748550662,Descent2e,4,GAME_OVER,234,0,4,178,overlord
-89964064,Descent2e,3,GAME_OVER,186,1,4,179,hero
176192887,Descent2e,4,GAME_OVER,244,0,4,180,overlord
392473391,Descent2e,3,GAME_OVER,182,1,4,181,hero
-757897836,Descent2e,4,GAME_OVER,220,0,4,182,overlord
-778946589,Descent2e,3,GAME_OVER,197,2,4,183,hero
1252024377,Descent2e,3,GAME_OVER,191,0,4,184,hero
-2051246598,Descent2e,4,GAME_OVER,240,0,4,185,overlord
2118557955,Descent2e,4,GAME_OVER,241,0,4,186,overlord
-985741623,Descent2e,4,GAME_OVER,249,0,4,187,overlord
1051456408,Descent2e,4,GAME_OVER,243,0,4,188,overlord
1055005349,Descent2e,5,GAME_OVER,223,0,4,189,overlord
-286242674,Descent2e,4,GAME_OVER,199,0,4,190,overlord
1713139624,Descent2e,5,GAME_OVER,291,0,4,191,overlord
1313838869,Descent2e,4,GAME_OVER,216,0,4,192,overlord
-1709454157,Descent2e,4,GAME_OVER,257,0,4,193,overlord
-55309369,Descent2e,4,GAME_OVER,223,0,4,194,overlord
-553587499,Descent2e,4,GAME_OVER,240,0,4,195,overlord
939226962,Descent2e,3,GAME_OVER,184,2,4,196,hero
-647111492,Descent2e,4,GAME_OVER,262,0,4,197,overlord
-1113582644,Descent2e,4,GAME_OVER,249,0,4,198,overlord
-388580641,Descent2e,4,GAME_OVER,253,0,4,199,overlord
333649400,Descent2e,3,GAME_OVER,176,1,4,200,hero
44985473,Descent2e,4,GAME_OVER,226,0,4,201,overlord
25864137,Descent2e,4,GAME_OVER,241,0,4,202,overlord
809155775,Descent2e,4,GAME_OVER,227,0,4,203,overlord
-1315771430,Descent2e,4,GAME_OVER,202,0,4,204,overlord
-652750784,Descent2e,4,GAME_OVER,193,2,4,205,hero
-1438181952,Descent2e,4,GAME_OVER,252,0,4,206,overlord
-103583923,Descent2e,4,GAME_OVER,244,0,4,207,overlord
-264533670,Descent2e,5,GAME_OVER,280,0,4,208,overlord
-2003881654,Descent2e,5,GAME_OVER,324,0,4,209,overlord
1194976140,Descent2e,4,GAME_OVER,220,0,4,210,overlord
740515828,Descent2e,4,GAME_OVER,287,0,4,211,overlord
-1981556469,Descent2e,4,GAME_OVER,269,0,4,212,overlord
-115718702,Descent2e,4,GAME_OVER,219,0,4,213,overlord
-1324315614,Descent2e,4,GAME_OVER,234,0,4,214,overlord
595581609,Descent2e,4,GAME_OVER,246,0,4,215,overlord
-391485289,Descent2e,4,GAME_OVER,227,0,4,216,overlord
760754694,Descent2e,4,GAME_OVER,229,0,4,217,overlord
-1277080294,Descent2e,4,GAME_OVER,268,0,4,218,overlord
-1578106088,Descent2e,4,GAME_OVER,228,0,4,219,overlord
223861731,Descent2e,4,GAME_OVER,239,0,4,220,overlord
1602152035,Descent2e,4,GAME_OVER,274,0,4,221,overlord
-683947923,Descent2e,3,GAME_OVER,206,1,4,222,hero
138923296,Descent2e,4,GAME_OVER,259,0,4,223,overlord
-1107104144,Descent2e,4,GAME_OVER,191,0,4,224,hero
916426565,Descent2e,4,GAME_OVER,228,0,4,225,overlord
-1124368768,Descent2e,4,GAME_OVER,229,0,4,226,overlord
-1021998975,Descent2e,4,GAME_OVER,205,0,4,227,hero
883468036,Descent2e,4,GAME_OVER,216,0,4,228,overlord
-1358304835,Descent2e,5,GAME_OVER,293,0,4,229,overlord
1564042337,Descent2e,4,GAME_OVER,260,0,4,230,overlord
1546646484,Descent2e,5,GAME_OVER,230,0,4,231,overlord
1319215497,Descent2e,4,GAME_OVER,195,0,4,232,overlord
-2049994330,Descent2e,4,GAME_OVER,274,0,4,233,overlord
399120975,Descent2e,5,GAME_OVER,301,0,4,234,overlord
203295418,Descent2e,4,GAME_OVER,247,0,4,235,overlord
-385379532,Descent2e,4,GAME_OVER,250,0,4,236,overlord
-840590086,Descent2e,4,GAME_OVER,213,0,4,237,overlord
1854572159,Descent2e,4,GAME_OVER,246,0,4,238,overlord
-2072968360,Descent2e,5,GAME_OVER,286,0,4,239,overlord
564948201,Descent2e,4,GAME_OVER,234,0,4,240,overlord
242489441,Descent2e,4,GAME_OVER,208,0,4,241,overlord
-2020288483,Descent2e,4,GAME_OVER,208,0,4,242,overlord
1086074626,Descent2e,4,GAME_OVER,227,0,4,243,overlord
-1032405027,Descent2e,4,GAME_OVER,231,0,4,244,overlord
-87541493,Descent2e,4,GAME_OVER,258,0,4,245,overlord
-543934832,Descent2e,4,GAME_OVER,232,0,4,246,overlord
777892406,Descent2e,4,GAME_OVER,215,0,4,247,overlord
873285756,Descent2e,4,GAME_OVER,225,0,4,248,overlord
-1504225346,Descent2e,3,GAME_OVER,191,2,4,249,hero
-351428350,Descent2e,4,GAME_OVER,220,0,4,250,overlord
1460029387,Descent2e,4,GAME_OVER,244,0,4,251,overlord
519422861,Descent2e,4,GAME_OVER,234,0,4,252,overlord
-2020734670,Descent2e,4,GAME_OVER,234,0,4,253,overlord
-1646738913,Descent2e,4,GAME_OVER,269,0,4,254,overlord
1310557033,Descent2e,4,GAME_OVER,253,0,4,255,overlord
-303468140,Descent2e,4,GAME_OVER,225,0,4,256,overlord
-1140332644,Descent2e,4,GAME_OVER,246,0,4,257,overlord
-1033126884,Descent2e,5,GAME_OVER,262,0,4,258,overlord
16992059,Descent2e,4,GAME_OVER,246,0,4,259,overlord
-479990665,Descent2e,5,GAME_OVER,287,0,4,260,overlord
-1249779320,Descent2e,4,GAME_OVER,272,0,4,261,overlord
-750178054,Descent2e,4,GAME_OVER,254,0,4,262,overlord
-1123655453,Descent2e,4,GAME_OVER,207,0,4,263,overlord
2107061092,Descent2e,4,GAME_OVER,240,0,4,264,overlord
-1180556821,Descent2e,4,GAME_OVER,238,0,4,265,overlord
1209010955,Descent2e,4,GAME_OVER,235,0,4,266,overlord
2129887662,Descent2e,4,GAME_OVER,236,0,4,267,overlord
-1321594639,Descent2e,4,GAME_OVER,243,0,4,268,overlord
-1127357064,Descent2e,3,GAME_OVER,179,1,4,269,hero
1637927349,Descent2e,4,GAME_OVER,238,0,4,270,overlord
513738248,Descent2e,4,GAME_OVER,198,0,4,271,overlord
-1286324348,Descent2e,4,GAME_OVER,227,0,4,272,overlord
-84487886,Descent2e,4,GAME_OVER,250,0,4,273,overlord
-574335371,Descent2e,4,GAME_OVER,249,0,4,274,overlord
-2013315022,Descent2e,4,GAME_OVER,213,0,4,275,overlord
-562171916,Descent2e,3,GAME_OVER,183,2,4,276,hero
-36790718,Descent2e,3,GAME_OVER,184,0,4,277,hero
1190962726,Descent2e,4,GAME_OVER,236,0,4,278,overlord
-896255439,Descent2e,4,GAME_OVER,236,0,4,279,overlord
-549546384,Descent2e,4,GAME_OVER,240,0,4,280,overlord
1198075658,Descent2e,4,GAME_OVER,233,0,4,281,overlord
15182467,Descent2e,4,GAME_OVER,251,0,4,282,overlord
1647649545,Descent2e,3,GAME_OVER,174,0,4,283,hero
126951839,Descent2e,4,GAME_OVER,240,0,4,284,overlord
-1203609223,Descent2e,4,GAME_OVER,231,0,4,285,overlord
-1323214870,Descent2e,3,GAME_OVER,202,0,4,286,hero
959109931,Descent2e,4,GAME_OVER,228,0,4,287,overlord
559022089,Descent2e,4,GAME_OVER,224,0,4,288,overlord
-1323421024,Descent2e,4,GAME_OVER,251,0,4,289,overlord
806994786,Descent2e,5,GAME_OVER,287,0,4,290,overlord
-1241361365,Descent2e,4,GAME_OVER,234,0,4,291,overlord
-1531078731,Descent2e,4,GAME_OVER,246,0,4,292,overlord
1770981253,Descent2e,4,GAME_OVER,262,0,4,293,overlord
18914527,Descent2e,4,GAME_OVER,253,0,4,294,overlord
-688343115,Descent2e,4,GAME_OVER,249,0,4,295,overlord
292295698,Descent2e,4,GAME_OVER,184,0,4,296,overlord
-1806225609,Descent2e,4,GAME_OVER,249,0,4,297,overlord
758614468,Descent2e,4,GAME_OVER,256,0,4,298,overlord
1150192065,Descent2e,4,GAME_OVER,225,0,4,299,overlord
-1482576358,Descent2e,4,GAME_OVER,245,0,4,300,overlord
546828834,Descent2e,4,GAME_OVER,232,0,4,301,overlord
-984538200,Descent2e,4,GAME_OVER,236,0,4,302,overlord
871250437,Descent2e,4,GAME_OVER,219,0,4,303,hero
-1550265676,Descent2e,2,GAME_OVER,152,2,4,304,hero
856801956,Descent2e,4,GAME_OVER,249,0,4,305,overlord
-826630308,Descent2e,4,GAME_OVER,198,0,4,306,overlord
1806031019,Descent2e,4,GAME_OVER,243,0,4,307,overlord
-958543015,Descent2e,4,GAME_OVER,243,0,4,308,overlord
-1428266273,Descent2e,4,GAME_OVER,191,0,4,309,overlord
-1144365011,Descent2e,4,GAME_OVER,234,0,4,310,overlord
955966020,Descent2e,4,GAME_OVER,218,0,4,311,overlord
-1289106182,Descent2e,4,GAME_OVER,265,0,4,312,overlord
306648016,Descent2e,4,GAME_OVER,210,0,4,313,overlord
600701797,Descent2e,5,GAME_OVER,326,0,4,314,overlord
1293571835,Descent2e,4,GAME_OVER,232,0,4,315,overlord
-928673503,Descent2e,4,GAME_OVER,252,0,4,316,overlord
2078679456,Descent2e,4,GAME_OVER,243,0,4,317,overlord
1138126872,Descent2e,4,GAME_OVER,250,0,4,318,overlord
1859555597,Descent2e,4,GAME_OVER,226,0,4,319,overlord
-1386619562,Descent2e,4,GAME_OVER,241,0,4,320,overlord
-815505094,Descent2e,4,GAME_OVER,245,0,4,321,overlord
111777564,Descent2e,4,GAME_OVER,235,0,4,322,overlord
-2100851080,Descent2e,4,GAME_OVER,224,0,4,323,overlord
-820601661,Descent2e,4,GAME_OVER,218,0,4,324,overlord
-1793559779,Descent2e,4,GAME_OVER,196,1,4,325,hero
1091309400,Descent2e,4,GAME_OVER,259,0,4,326,overlord
1740218866,Descent2e,4,GAME_OVER,284,0,4,327,overlord
1786736666,Descent2e,3,GAME_OVER,182,2,4,328,hero
-1646862478,Descent2e,5,GAME_OVER,314,0,4,329,overlord
1493641793,Descent2e,5,GAME_OVER,283,0,4,330,overlord
-2086551780,Descent2e,4,GAME_OVER,224,0,4,331,overlord
1668732854,Descent2e,4,GAME_OVER,233,0,4,332,overlord
-2120261791,Descent2e,4,GAME_OVER,209,0,4,333,overlord
1459788962,Descent2e,4,GAME_OVER,219,0,4,334,overlord
219010551,Descent2e,4,GAME_OVER,199,1,4,335,hero
1661950976,Descent2e,4,GAME_OVER,197,0,4,336,overlord
-37427297,Descent2e,4,GAME_OVER,255,0,4,337,overlord
247592859,Descent2e,4,GAME_OVER,256,0,4,338,overlord
1098576278,Descent2e,5,GAME_OVER,221,0,4,339,overlord
-1078175724,Descent2e,5,GAME_OVER,266,0,4,340,overlord
-1359787957,Descent2e,3,GAME_OVER,181,3,4,341,hero
-1865273877,Descent2e,4,GAME_OVER,260,0,4,342,overlord
-379449835,Descent2e,4,GAME_OVER,241,0,4,343,overlord
334645923,Descent2e,4,GAME_OVER,221,0,4,344,overlord
-2041678342,Descent2e,4,GAME_OVER,220,2,4,345,hero
-621565583,Descent2e,4,GAME_OVER,237,0,4,346,overlord
308795849,Descent2e,4,GAME_OVER,246,0,4,347,overlord
-1610559206,Descent2e,4,GAME_OVER,266,0,4,348,overlord
135581712,Descent2e,5,GAME_OVER,290,4,4,349,overlord
-70142737,Descent2e,4,GAME_OVER,193,0,4,350,overlord
-2044013128,Descent2e,5,GAME_OVER,278,0,4,351,overlord
-1813073661,Descent2e,5,GAME_OVER,325,0,4,352,overlord
-823199663,Descent2e,4,GAME_OVER,235,0,4,353,hero
-870302191,Descent2e,4,GAME_OVER,237,0,4,354,overlord
-1410430645,Descent2e,4,GAME_OVER,240,0,4,355,overlord
-1211984980,Descent2e,5,GAME_OVER,275,0,4,356,overlord
-1095954505,Descent2e,4,GAME_OVER,234,0,4,357,overlord
2034578350,Descent2e,4,GAME_OVER,218,0,4,358,overlord
-1676034750,Descent2e,4,GAME_OVER,242,0,4,359,overlord
304699397,Descent2e,4,GAME_OVER,219,0,4,360,hero
-1663406971,Descent2e,4,GAME_OVER,249,0,4,361,overlord
1682113612,Descent2e,4,GAME_OVER,236,0,4,362,overlord
-781651481,Descent2e,4,GAME_OVER,251,0,4,363,overlord
-1055580466,Descent2e,4,GAME_OVER,237,0,4,364,overlord
-1701962341,Descent2e,4,GAME_OVER,229,0,4,365,overlord
250478825,Descent2e,4,GAME_OVER,224,0,4,366,overlord
605389958,Descent2e,3,GAME_OVER,171,1,4,367,hero
872314097,Descent2e,4,GAME_OVER,265,0,4,368,overlord
2054147852,Descent2e,4,GAME_OVER,235,0,4,369,overlord
-1043421192,Descent2e,4,GAME_OVER,230,0,4,370,overlord
1514485788,Descent2e,4,GAME_OVER,240,0,4,371,overlord
-31244244,Descent2e,5,GAME_OVER,278,0,4,372,overlord
-45227027,Descent2e,4,GAME_OVER,236,0,4,373,overlord
1252990121,Descent2e,4,GAME_OVER,236,0,4,374,overlord
1310528845,Descent2e,4,GAME_OVER,262,0,4,375,overlord
246764018,Descent2e,4,GAME_OVER,240,0,4,376,overlord
-937764496,Descent2e,4,GAME_OVER,244,0,4,377,overlord
1056067181,Descent2e,4,GAME_OVER,218,0,4,378,overlord
1611519387,Descent2e,4,GAME_OVER,207,2,4,379,hero
-274414445,Descent2e,5,GAME_OVER,340,0,4,380,overlord
83183408,Descent2e,4,GAME_OVER,247,0,4,381,overlord
-508062535,Descent2e,4,GAME_OVER,251,0,4,382,overlord
43994581,Descent2e,4,GAME_OVER,191,0,4,383,overlord
-942635366,Descent2e,4,GAME_OVER,257,0,4,384,overlord
658444493,Descent2e,5,GAME_OVER,252,0,4,385,overlord
-2068462839,Descent2e,5,GAME_OVER,269,0,4,386,overlord
-1218212916,Descent2e,4,GAME_OVER,258,0,4,387,overlord
-181815179,Descent2e,5,GAME_OVER,286,0,4,388,overlord
-570581829,Descent2e,4,GAME_OVER,245,0,4,389,overlord
-1880819417,Descent2e,4,GAME_OVER,258,0,4,390,overlord
-636380340,Descent2e,5,GAME_OVER,310,0,4,391,overlord
-1124286373,Descent2e,4,GAME_OVER,206,0,4,392,overlord
-653908905,Descent2e,4,GAME_OVER,230,0,4,393,overlord
1874768812,Descent2e,4,GAME_OVER,238,0,4,394,overlord
1381181002,Descent2e,3,GAME_OVER,181,2,4,395,hero
-2040711062,Descent2e,4,GAME_OVER,274,0,4,396,overlord
1645637947,Descent2e,4,GAME_OVER,240,0,4,397,overlord
1615847623,Descent2e,4,GAME_OVER,236,0,4,398,overlord
1708090457,Descent2e,4,GAME_OVER,253,0,4,399,overlord
1927289615,Descent2e,5,GAME_OVER,309,0,4,400,overlord
1277926354,Descent2e,4,GAME_OVER,214,0,4,401,overlord
1288764732,Descent2e,4,GAME_OVER,246,0,4,402,overlord
-844034718,Descent2e,4,GAME_OVER,240,0,4,403,overlord
-1230909015,Descent2e,5,GAME_OVER,278,0,4,404,overlord
-1771200722,Descent2e,3,GAME_OVER,174,1,4,405,hero
-197886544,Descent2e,5,GAME_OVER,239,0,4,406,overlord
1015825300,Descent2e,4,GAME_OVER,220,0,4,407,overlord
1884031344,Descent2e,4,GAME_OVER,231,0,4,408,overlord
-1642080744,Descent2e,4,GAME_OVER,260,0,4,409,overlord
-480507869,Descent2e,4,GAME_OVER,230,0,4,410,overlord
912566425,Descent2e,5,GAME_OVER,270,0,4,411,overlord
-1096191341,Descent2e,4,GAME_OVER,224,0,4,412,overlord
2037626216,Descent2e,4,GAME_OVER,223,0,4,413,overlord
296305084,Descent2e,4,GAME_OVER,221,2,4,414,hero
2078478857,Descent2e,5,GAME_OVER,242,0,4,415,overlord
-1718366816,Descent2e,4,GAME_OVER,260,0,4,416,overlord
1159485335,Descent2e,4,GAME_OVER,247,0,4,417,overlord
2091332812,Descent2e,4,GAME_OVER,249,0,4,418,overlord
114135331,Descent2e,4,GAME_OVER,230,0,4,419,overlord
1508567849,Descent2e,4,GAME_OVER,198,0,4,420,overlord
-715739758,Descent2e,4,GAME_OVER,238,0,4,421,overlord
-1076522228,Descent2e,3,GAME_OVER,189,2,4,422,hero
1472971194,Descent2e,4,GAME_OVER,257,0,4,423,overlord
-1777761885,Descent2e,4,GAME_OVER,263,0,4,424,overlord
1912826064,Descent2e,4,GAME_OVER,226,0,4,425,overlord
-1771087831,Descent2e,4,GAME_OVER,217,0,4,426,overlord
2007798892,Descent2e,4,GAME_OVER,231,0,4,427,overlord
-535364207,Descent2e,4,GAME_OVER,253,0,4,428,overlord
2041377446,Descent2e,4,GAME_OVER,255,0,4,429,overlord
2056949890,Descent2e,4,GAME_OVER,266,0,4,430,overlord
-536737766,Descent2e,4,GAME_OVER,285,0,4,431,overlord
1206104033,Descent2e,4,GAME_OVER,220,0,4,432,overlord
-98237223,Descent2e,4,GAME_OVER,234,0,4,433,overlord
940001328,Descent2e,4,GAME_OVER,239,0,4,434,overlord
-2093316461,Descent2e,4,GAME_OVER,224,0,4,435,overlord
619642517,Descent2e,5,GAME_OVER,260,0,4,436,overlord
1409988469,Descent2e,4,GAME_OVER,271,0,4,437,overlord
-1814043066,Descent2e,4,GAME_OVER,203,1,4,438,hero
1520883858,Descent2e,4,GAME_OVER,223,0,4,439,overlord
1695382437,Descent2e,4,GAME_OVER,228,0,4,440,overlord
-1035790372,Descent2e,4,GAME_OVER,247,0,4,441,overlord
-246581159,Descent2e,4,GAME_OVER,264,0,4,442,overlord
1683416298,Descent2e,4,GAME_OVER,248,0,4,443,overlord
1394542115,Descent2e,4,GAME_OVER,251,0,4,444,overlord
1551605025,Descent2e,4,GAME_OVER,249,0,4,445,overlord
-1393118654,Descent2e,4,GAME_OVER,256,0,4,446,overlord
1923526399,Descent2e,5,GAME_OVER,256,0,4,447,overlord
-844932704,Descent2e,4,GAME_OVER,212,2,4,448,hero
-1251013226,Descent2e,4,GAME_OVER,195,0,4,449,overlord
1661511202,Descent2e,5,GAME_OVER,223,0,4,450,overlord
-285718408,Descent2e,4,GAME_OVER,264,0,4,451,overlord
687714254,Descent2e,4,GAME_OVER,256,0,4,452,overlord
807053731,Descent2e,4,GAME_OVER,261,0,4,453,overlord
1321498790,Descent2e,4,GAME_OVER,240,0,4,454,overlord
-5330382,Descent2e,4,GAME_OVER,232,0,4,455,overlord
1394497638,Descent2e,4,GAME_OVER,199,0,4,456,overlord
1268428761,Descent2e,4,GAME_OVER,238,0,4,457,overlord
-797076085,Descent2e,5,GAME_OVER,283,0,4,458,overlord
-632772489,Descent2e,4,GAME_OVER,244,0,4,459,overlord
944991051,Descent2e,3,GAME_OVER,174,1,4,460,hero
-2126344634,Descent2e,4,GAME_OVER,199,0,4,461,overlord
195569764,Descent2e,4,GAME_OVER,236,0,4,462,overlord
1555723887,Descent2e,4,GAME_OVER,252,0,4,463,overlord
1097857263,Descent2e,4,GAME_OVER,217,0,4,464,overlord
-2064231158,Descent2e,4,GAME_OVER,263,0,4,465,overlord
-1571824229,Descent2e,4,GAME_OVER,187,1,4,466,hero
-132682538,Descent2e,5,GAME_OVER,248,0,4,467,overlord
210459893,Descent2e,4,GAME_OVER,235,0,4,468,overlord
974143018,Descent2e,5,GAME_OVER,234,0,4,469,overlord
1112223669,Descent2e,4,GAME_OVER,230,0,4,470,overlord
428148719,Descent2e,4,GAME_OVER,221,0,4,471,overlord
563123992,Descent2e,4,GAME_OVER,258,0,4,472,overlord
141975203,Descent2e,4,GAME_OVER,251,0,4,473,overlord
-218118951,Descent2e,4,GAME_OVER,199,0,4,474,overlord
1619742903,Descent2e,4,GAME_OVER,214,0,4,475,overlord
1693437514,Descent2e,4,GAME_OVER,259,0,4,476,overlord
1261556930,Descent2e,4,GAME_OVER,229,0,4,477,overlord
-1932484462,Descent2e,4,GAME_OVER,269,0,4,478,overlord
1382425950,Descent2e,4,GAME_OVER,236,0,4,479,overlord
-616406496,Descent2e,4,GAME_OVER,246,0,4,480,overlord
-988149838,Descent2e,5,GAME_OVER,270,0,4,481,overlord
899100115,Descent2e,4,GAME_OVER,208,0,4,482,hero
-868346638,Descent2e,5,GAME_OVER,292,0,4,483,overlord
47459948,Descent2e,4,GAME_OVER,258,0,4,484,overlord
-1506030506,Descent2e,5,GAME_OVER,251,0,4,485,overlord
605316411,Descent2e,4,GAME_OVER,262,0,4,486,overlord
560382557,Descent2e,4,GAME_OVER,221,0,4,487,overlord
-1844779733,Descent2e,3,GAME_OVER,193,2,4,488,hero
248349529,Descent2e,4,GAME_OVER,224,0,4,489,overlord
-950561894,Descent2e,4,GAME_OVER,281,0,4,490,overlord
-1305738607,Descent2e,3,GAME_OVER,195,2,4,491,hero
-439442783,Descent2e,3,GAME_OVER,184,2,4,492,hero
-805403518,Descent2e,4,GAME_OVER,230,0,4,493,overlord
49054900,Descent2e,4,GAME_OVER,256,0,4,494,overlord
1788226049,Descent2e,4,GAME_OVER,208,0,4,495,overlord
1470439362,Descent2e,4,GAME_OVER,248,0,4,496,overlord
-1325307060,Descent2e,4,GAME_OVER,234,0,4,497,overlord
-981789116,Descent2e,4,GAME_OVER,206,1,4,498,hero
1109474642,Descent2e,4,GAME_OVER,230,0,4,499,overlord
845358804,Descent2e,5,GAME_OVER,235,0,4,500,overlord
-862578507,Descent2e,4,GAME_OVER,213,0,4,501,overlord
1637775171,Descent2e,4,GAME_OVER,228,0,4,502,overlord
-1125516974,Descent2e,4,GAME_OVER,242,0,4,503,overlord
342765137,Descent2e,4,GAME_OVER,205,0,4,504,overlord
-632193450,Descent2e,2,GAME_OVER,159,1,4,505,hero
-799369367,Descent2e,4,GAME_OVER,190,0,4,506,overlord
-7412184,Descent2e,4,GAME_OVER,211,0,4,507,overlord
1774337553,Descent2e,4,GAME_OVER,251,0,4,508,overlord
-466712909,Descent2e,4,GAME_OVER,199,0,4,509,overlord
905612020,Descent2e,4,GAME_OVER,240,0,4,510,overlord
540207565,Descent2e,4,GAME_OVER,240,0,4,511,overlord
-728857944,Descent2e,4,GAME_OVER,240,0,4,512,overlord
366259924,Descent2e,4,GAME_OVER,258,0,4,513,overlord
2106255015,Descent2e,4,GAME_OVER,213,0,4,514,overlord
-1812853318,Descent2e,4,GAME_OVER,243,0,4,515,overlord
192754445,Descent2e,4,GAME_OVER,219,0,4,516,overlord
-457825004,Descent2e,5,GAME_OVER,296,0,4,517,overlord
-1060153323,Descent2e,4,GAME_OVER,224,0,4,518,overlord
1878027235,Descent2e,4,GAME_OVER,257,0,4,519,overlord
-18764677,Descent2e,4,GAME_OVER,274,0,4,520,overlord
-1074757320,Descent2e,4,GAME_OVER,219,2,4,521,hero
448986655,Descent2e,4,GAME_OVER,238,0,4,522,overlord
1798731491,Descent2e,4,GAME_OVER,236,0,4,523,overlord
877783195,Descent2e,4,GAME_OVER,233,0,4,524,overlord
301492674,Descent2e,4,GAME_OVER,204,0,4,525,overlord
-710457926,Descent2e,5,GAME_OVER,267,0,4,526,overlord
1376588152,Descent2e,4,GAME_OVER,183,0,4,527,overlord
-656494110,Descent2e,4,GAME_OVER,250,0,4,528,overlord
-2050377081,Descent2e,4,GAME_OVER,208,0,4,529,overlord
194858741,Descent2e,4,GAME_OVER,247,0,4,530,overlord
-809555664,Descent2e,4,GAME_OVER,221,0,4,531,overlord
1332755000,Descent2e,3,GAME_OVER,180,1,4,532,hero
-354746241,Descent2e,4,GAME_OVER,256,0,4,533,overlord
1979850298,Descent2e,4,GAME_OVER,238,0,4,534,overlord
-271726492,Descent2e,4,GAME_OVER,256,0,4,535,overlord
553842650,Descent2e,4,GAME_OVER,205,0,4,536,overlord
-2018746660,Descent2e,4,GAME_OVER,214,0,4,537,overlord
2089164243,Descent2e,5,GAME_OVER,261,0,4,538,overlord
-2030120091,Descent2e,4,GAME_OVER,251,0,4,539,overlord
2044390528,Descent2e,4,GAME_OVER,191,0,4,540,overlord
1203188061,Descent2e,5,GAME_OVER,309,0,4,541,overlord
-1921207376,Descent2e,4,GAME_OVER,252,0,4,542,overlord
1451091189,Descent2e,4,GAME_OVER,241,0,4,543,overlord
2004990657,Descent2e,4,GAME_OVER,255,0,4,544,overlord
-1476067357,Descent2e,5,GAME_OVER,296,0,4,545,overlord
1567158118,Descent2e,4,GAME_OVER,242,0,4,546,overlord
1657404921,Descent2e,4,GAME_OVER,174,1,4,547,hero
-909759050,Descent2e,4,GAME_OVER,239,0,4,548,overlord
453613380,Descent2e,4,GAME_OVER,255,0,4,549,overlord
412652667,Descent2e,4,GAME_OVER,206,0,4,550,overlord
-861799317,Descent2e,4,GAME_OVER,242,0,4,551,overlord
-1019603234,Descent2e,4,GAME_OVER,245,0,4,552,overlord
1774541662,Descent2e,4,GAME_OVER,259,0,4,553,overlord
-1762720544,Descent2e,4,GAME_OVER,259,0,4,554,overlord
-691204715,Descent2e,4,GAME_OVER,230,0,4,555,overlord
1175823937,Descent2e,4,GAME_OVER,264,0,4,556,overlord
1257383535,Descent2e,5,GAME_OVER,320,0,4,557,overlord
-1005203522,Descent2e,4,GAME_OVER,224,0,4,558,overlord
2008780667,Descent2e,3,GAME_OVER,185,2,4,559,hero
-1087004457,Descent2e,4,GAME_OVER,270,0,4,560,overlord
-2108798556,Descent2e,4,GAME_OVER,255,0,4,561,overlord
895543413,Descent2e,4,GAME_OVER,243,0,4,562,overlord
1691358616,Descent2e,4,GAME_OVER,252,0,4,563,overlord
-61073111,Descent2e,5,GAME_OVER,312,0,4,564,overlord
-1354857745,Descent2e,4,GAME_OVER,257,0,4,565,overlord
521193952,Descent2e,4,GAME_OVER,249,0,4,566,overlord
1709671629,Descent2e,4,GAME_OVER,249,0,4,567,overlord
1664192056,Descent2e,4,GAME_OVER,225,0,4,568,overlord
-331809763,Descent2e,5,GAME_OVER,292,0,4,569,overlord
-730002978,Descent2e,4,GAME_OVER,235,0,4,570,overlord
-1649247594,Descent2e,4,GAME_OVER,259,0,4,571,overlord
1308529822,Descent2e,4,GAME_OVER,254,0,4,572,overlord
1022928679,Descent2e,4,GAME_OVER,249,0,4,573,overlord
-833216242,Descent2e,4,GAME_OVER,226,0,4,574,overlord
1843491710,Descent2e,4,GAME_OVER,269,0,4,575,overlord
-403411469,Descent2e,4,GAME_OVER,221,0,4,576,overlord
-644248633,Descent2e,4,GAME_OVER,231,0,4,577,overlord
-271226151,Descent2e,4,GAME_OVER,214,0,4,578,overlord
-2008521516,Descent2e,4,GAME_OVER,232,0,4,579,overlord
1063072369,Descent2e,4,GAME_OVER,239,0,4,580,overlord
-843851186,Descent2e,5,GAME_OVER,279,0,4,581,overlord
-878796364,Descent2e,4,GAME_OVER,225,0,4,582,overlord
1597357471,Descent2e,2,GAME_OVER,161,2,4,583,hero
-1099796261,Descent2e,4,GAME_OVER,222,0,4,584,overlord
1570035636,Descent2e,2,GAME_OVER,162,3,4,585,hero
-611951706,Descent2e,4,GAME_OVER,254,0,4,586,overlord
2055471822,Descent2e,4,GAME_OVER,229,0,4,587,overlord
1310943385,Descent2e,4,GAME_OVER,275,0,4,588,overlord
-1106118928,Descent2e,4,GAME_OVER,251,0,4,589,overlord
-1616557304,Descent2e,4,GAME_OVER,220,0,4,590,overlord
-1414759757,Descent2e,4,GAME_OVER,235,0,4,591,overlord
-285064665,Descent2e,4,GAME_OVER,265,0,4,592,overlord
107197322,Descent2e,4,GAME_OVER,229,0,4,593,overlord
290998155,Descent2e,4,GAME_OVER,211,0,4,594,overlord
-728458318,Descent2e,4,GAME_OVER,224,2,4,595,hero
371321264,Descent2e,4,GAME_OVER,242,0,4,596,overlord
-734330515,Descent2e,5,GAME_OVER,246,0,4,597,overlord
-1303813249,Descent2e,4,GAME_OVER,255,0,4,598,overlord
171389493,Descent2e,4,GAME_OVER,249,0,4,599,overlord
-64720906,Descent2e,4,GAME_OVER,217,0,4,600,overlord
-367172095,Descent2e,4,GAME_OVER,254,0,4,601,overlord
782143826,Descent2e,3,GAME_OVER,178,1,4,602,hero
-1729793566,Descent2e,3,GAME_OVER,176,0,4,603,hero
-699132556,Descent2e,4,GAME_OVER,231,0,4,604,overlord
2084638329,Descent2e,4,GAME_OVER,253,0,4,605,overlord
1076796758,Descent2e,5,GAME_OVER,301,0,4,606,overlord
-1830066672,Descent2e,5,GAME_OVER,283,0,4,607,overlord
-1835047995,Descent2e,4,GAME_OVER,251,0,4,608,overlord
-639404183,Descent2e,4,GAME_OVER,243,0,4,609,overlord
2003140550,Descent2e,4,GAME_OVER,246,0,4,610,overlord
-1893304970,Descent2e,4,GAME_OVER,236,0,4,611,overlord
-1175258810,Descent2e,3,GAME_OVER,187,2,4,612,hero
1839888794,Descent2e,5,GAME_OVER,218,0,4,613,overlord
1099778826,Descent2e,5,GAME_OVER,309,0,4,614,overlord
2060709157,Descent2e,4,GAME_OVER,221,0,4,615,overlord
116517626,Descent2e,4,GAME_OVER,219,0,4,616,overlord
-2008494047,Descent2e,4,GAME_OVER,250,0,4,617,overlord
-205440454,Descent2e,5,GAME_OVER,232,0,4,618,overlord
2076755640,Descent2e,4,GAME_OVER,254,0,4,619,overlord
-1548230482,Descent2e,4,GAME_OVER,245,0,4,620,overlord
983329709,Descent2e,4,GAME_OVER,209,0,4,621,overlord
-1843092512,Descent2e,5,GAME_OVER,272,0,4,622,overlord
-442294839,Descent2e,4,GAME_OVER,203,0,4,623,overlord
-564244643,Descent2e,4,GAME_OVER,212,3,4,624,hero
1896752929,Descent2e,5,GAME_OVER,278,0,4,625,overlord
1146082561,Descent2e,4,GAME_OVER,208,0,4,626,overlord
-124188506,Descent2e,4,GAME_OVER,215,0,4,627,overlord
464549333,Descent2e,5,GAME_OVER,264,0,4,628,overlord
509587810,Descent2e,4,GAME_OVER,265,0,4,629,overlord
-159311778,Descent2e,4,GAME_OVER,228,0,4,630,overlord
982501444,Descent2e,4,GAME_OVER,229,0,4,631,overlord
1745878937,Descent2e,5,GAME_OVER,230,0,4,632,overlord
965591153,Descent2e,5,GAME_OVER,245,0,4,633,overlord
457207287,Descent2e,5,GAME_OVER,243,0,4,634,overlord
-1503558797,Descent2e,4,GAME_OVER,240,0,4,635,overlord
-364482039,Descent2e,5,GAME_OVER,267,0,4,636,overlord
-1640373829,Descent2e,4,GAME_OVER,255,0,4,637,overlord
789100240,Descent2e,5,GAME_OVER,283,0,4,638,overlord
149356883,Descent2e,5,GAME_OVER,289,0,4,639,overlord
-1189230656,Descent2e,4,GAME_OVER,206,0,4,640,hero
309361583,Descent2e,2,GAME_OVER,161,2,4,641,hero
-546219786,Descent2e,4,GAME_OVER,264,0,4,642,overlord
-1027729658,Descent2e,5,GAME_OVER,226,0,4,643,overlord
-581116355,Descent2e,4,GAME_OVER,220,0,4,644,overlord
886363281,Descent2e,4,GAME_OVER,258,0,4,645,overlord
629120964,Descent2e,4,GAME_OVER,233,0,4,646,overlord
-803423066,Descent2e,4,GAME_OVER,218,0,4,647,overlord
879401412,Descent2e,3,GAME_OVER,175,2,4,648,hero
1552298638,Descent2e,5,GAME_OVER,267,0,4,649,overlord
1601657954,Descent2e,4,GAME_OVER,208,0,4,650,hero
-1467220615,Descent2e,4,GAME_OVER,252,0,4,651,overlord
782558086,Descent2e,4,GAME_OVER,238,0,4,652,overlord
1303275791,Descent2e,4,GAME_OVER,232,0,4,653,overlord
1710656142,Descent2e,4,GAME_OVER,259,0,4,654,overlord
-295356573,Descent2e,4,GAME_OVER,252,0,4,655,overlord
631694847,Descent2e,5,GAME_OVER,301,0,4,656,overlord
1943758673,Descent2e,4,GAME_OVER,238,0,4,657,overlord
-1566573154,Descent2e,4,GAME_OVER,223,0,4,658,overlord
1688165787,Descent2e,4,GAME_OVER,227,0,4,659,overlord
76295071,Descent2e,5,GAME_OVER,302,0,4,660,overlord
1263180853,Descent2e,4,GAME_OVER,244,0,4,661,overlord
-2141890107,Descent2e,4,GAME_OVER,248,0,4,662,overlord
-1876872543,Descent2e,4,GAME_OVER,253,0,4,663,overlord
-587955284,Descent2e,5,GAME_OVER,275,0,4,664,overlord
224805716,Descent2e,4,GAME_OVER,220,0,4,665,overlord
-700392043,Descent2e,4,GAME_OVER,235,0,4,666,overlord
1403563375,Descent2e,5,GAME_OVER,259,0,4,667,overlord
-1855532698,Descent2e,4,GAME_OVER,248,0,4,668,overlord
807530326,Descent2e,4,GAME_OVER,219,0,4,669,overlord
-1544306748,Descent2e,4,GAME_OVER,222,0,4,670,overlord
-1180238354,Descent2e,4,GAME_OVER,255,0,4,671,overlord
653207915,Descent2e,4,GAME_OVER,216,0,4,672,overlord
82109828,Descent2e,4,GAME_OVER,254,0,4,673,overlord
233186610,Descent2e,3,GAME_OVER,180,0,4,674,hero
-1317804885,Descent2e,4,GAME_OVER,251,0,4,675,overlord
1723261277,Descent2e,4,GAME_OVER,233,0,4,676,overlord
-947511654,Descent2e,4,GAME_OVER,251,0,4,677,overlord
-1024330966,Descent2e,5,GAME_OVER,220,0,4,678,overlord
1815237066,Descent2e,5,GAME_OVER,236,0,4,679,overlord
-216304191,Descent2e,5,GAME_OVER,221,0,4,680,overlord
-775487263,Descent2e,4,GAME_OVER,201,0,4,681,overlord
221381095,Descent2e,5,GAME_OVER,268,0,4,682,overlord
485195578,Descent2e,3,GAME_OVER,177,1,4,683,hero
-1397528023,Descent2e,5,GAME_OVER,243,0,4,684,overlord
-654891139,Descent2e,5,GAME_OVER,303,0,4,685,overlord
-817663142,Descent2e,4,GAME_OVER,239,0,4,686,overlord
1980037673,Descent2e,4,GAME_OVER,242,0,4,687,overlord
2029946773,Descent2e,4,GAME_OVER,243,0,4,688,overlord
456968963,Descent2e,4,GAME_OVER,193,0,4,689,overlord
-1702940118,Descent2e,4,GAME_OVER,269,0,4,690,overlord
1468616634,Descent2e,4,GAME_OVER,248,0,4,691,overlord
275848471,Descent2e,4,GAME_OVER,205,0,4,692,overlord
94543694,Descent2e,5,GAME_OVER,276,0,4,693,overlord
798874876,Descent2e,4,GAME_OVER,240,0,4,694,overlord
-1258139403,Descent2e,4,GAME_OVER,238,0,4,695,overlord
845162165,Descent2e,4,GAME_OVER,199,1,4,696,hero
214252178,Descent2e,4,GAME_OVER,192,0,4,697,overlord
-375873036,Descent2e,4,GAME_OVER,235,0,4,698,overlord
-232840705,Descent2e,5,GAME_OVER,312,0,4,699,overlord
1699643026,Descent2e,4,GAME_OVER,236,0,4,700,overlord
1829198257,Descent2e,4,GAME_OVER,241,0,4,701,overlord
1589497466,Descent2e,3,GAME_OVER,184,1,4,702,hero
1917814922,Descent2e,4,GAME_OVER,264,0,4,703,overlord
-1887863729,Descent2e,5,GAME_OVER,307,0,4,704,overlord
500536781,Descent2e,4,GAME_OVER,242,0,4,705,overlord
-2045241536,Descent2e,4,GAME_OVER,243,0,4,706,overlord
740371854,Descent2e,4,GAME_OVER,259,0,4,707,overlord
679847598,Descent2e,5,GAME_OVER,283,0,4,708,overlord
452419358,Descent2e,4,GAME_OVER,219,0,4,709,overlord
-1011622780,Descent2e,4,GAME_OVER,235,0,4,710,overlord
79873593,Descent2e,2,GAME_OVER,163,2,4,711,hero
1611815800,Descent2e,3,GAME_OVER,203,1,4,712,hero
-126594812,Descent2e,4,GAME_OVER,225,0,4,713,overlord
-985796974,Descent2e,4,GAME_OVER,207,1,4,714,hero
98326563,Descent2e,4,GAME_OVER,205,1,4,715,hero
1342542241,Descent2e,4,GAME_OVER,278,0,4,716,overlord
-1905118369,Descent2e,4,GAME_OVER,237,0,4,717,overlord
908826252,Descent2e,5,GAME_OVER,275,0,4,718,overlord
388697285,Descent2e,4,GAME_OVER,284,0,4,719,overlord
-1966138967,Descent2e,4,GAME_OVER,249,0,4,720,overlord
199310622,Descent2e,3,GAME_OVER,184,0,4,721,hero
794027885,Descent2e,4,GAME_OVER,234,0,4,722,overlord
1765951531,Descent2e,4,GAME_OVER,233,0,4,723,overlord
267714628,Descent2e,4,GAME_OVER,240,0,4,724,overlord
1578200086,Descent2e,4,GAME_OVER,222,0,4,725,overlord
1306434379,Descent2e,4,GAME_OVER,220,0,4,726,hero
-960825624,Descent2e,4,GAME_OVER,257,0,4,727,overlord
-768542916,Descent2e,4,GAME_OVER,271,0,4,728,overlord
564463124,Descent2e,4,GAME_OVER,250,0,4,729,overlord
-2131951396,Descent2e,4,GAME_OVER,249,0,4,730,overlord
1479886667,Descent2e,3,GAME_OVER,196,2,4,731,hero
-1937708906,Descent2e,4,GAME_OVER,231,0,4,732,overlord
469866293,Descent2e,4,GAME_OVER,251,0,4,733,overlord
-1868186310,Descent2e,4,GAME_OVER,220,0,4,734,overlord
1293959631,Descent2e,4,GAME_OVER,227,0,4,735,overlord
353048563,Descent2e,4,GAME_OVER,254,0,4,736,overlord
-56491660,Descent2e,4,GAME_OVER,244,0,4,737,overlord
-594254358,Descent2e,4,GAME_OVER,245,0,4,738,overlord
1115550935,Descent2e,4,GAME_OVER,230,0,4,739,overlord
-1076332999,Descent2e,4,GAME_OVER,236,0,4,740,overlord
549548419,Descent2e,4,GAME_OVER,251,0,4,741,overlord
-824559846,Descent2e,4,GAME_OVER,262,0,4,742,overlord
286402458,Descent2e,5,GAME_OVER,250,0,4,743,overlord
-1368519822,Descent2e,4,GAME_OVER,225,2,4,744,hero
-1560261409,Descent2e,5,GAME_OVER,292,0,4,745,overlord
-2051184086,Descent2e,4,GAME_OVER,262,0,4,746,overlord
13944923,Descent2e,4,GAME_OVER,238,0,4,747,overlord
913873651,Descent2e,4,GAME_OVER,204,0,4,748,overlord
-786338530,Descent2e,3,GAME_OVER,175,2,4,749,hero
-2114391955,Descent2e,4,GAME_OVER,246,0,4,750,overlord
-949974562,Descent2e,4,GAME_OVER,211,0,4,751,hero
1464591808,Descent2e,4,GAME_OVER,261,0,4,752,overlord
1963932811,Descent2e,4,GAME_OVER,248,0,4,753,overlord
101094959,Descent2e,4,GAME_OVER,216,0,4,754,overlord
1974035478,Descent2e,4,GAME_OVER,224,0,4,755,overlord
-1507250385,Descent2e,4,GAME_OVER,234,0,4,756,overlord
1228769268,Descent2e,4,GAME_OVER,242,0,4,757,overlord
-843460102,Descent2e,4,GAME_OVER,195,0,4,758,overlord
-976360414,Descent2e,4,GAME_OVER,243,0,4,759,overlord
844556234,Descent2e,4,GAME_OVER,215,0,4,760,overlord
-1669981759,Descent2e,4,GAME_OVER,249,0,4,761,overlord
-299777003,Descent2e,4,GAME_OVER,227,0,4,762,overlord
2140256122,Descent2e,4,GAME_OVER,212,0,4,763,overlord
-833772935,Descent2e,4,GAME_OVER,237,0,4,764,overlord
325808712,Descent2e,4,GAME_OVER,204,0,4,765,overlord
-670225843,Descent2e,4,GAME_OVER,211,0,4,766,overlord
-935444891,Descent2e,4,GAME_OVER,230,0,4,767,overlord
2027730912,Descent2e,5,GAME_OVER,225,0,4,768,overlord
-1337052832,Descent2e,4,GAME_OVER,229,0,4,769,overlord
2079542263,Descent2e,4,GAME_OVER,242,0,4,770,overlord
-1131744850,Descent2e,5,GAME_OVER,305,0,4,771,overlord
-2106901498,Descent2e,4,GAME_OVER,240,0,4,772,overlord
-1219033804,Descent2e,3,GAME_OVER,175,3,4,773,hero
-2001657292,Descent2e,4,GAME_OVER,204,0,4,774,overlord
805599126,Descent2e,4,GAME_OVER,261,0,4,775,overlord
-1784665546,Descent2e,4,GAME_OVER,234,0,4,776,overlord
-1543490984,Descent2e,4,GAME_OVER,234,0,4,777,overlord
1337606262,Descent2e,4,GAME_OVER,228,0,4,778,overlord
-1737079796,Descent2e,4,GAME_OVER,246,0,4,779,overlord
973531946,Descent2e,4,GAME_OVER,228,0,4,780,overlord
2059864353,Descent2e,4,GAME_OVER,246,0,4,781,overlord
1699823939,Descent2e,4,GAME_OVER,231,0,4,782,overlord
878247963,Descent2e,4,GAME_OVER,252,0,4,783,overlord
1492359525,Descent2e,4,GAME_OVER,271,0,4,784,overlord
939449392,Descent2e,4,GAME_OVER,245,0,4,785,overlord
39041849,Descent2e,4,GAME_OVER,272,0,4,786,overlord
1148941475,Descent2e,4,GAME_OVER,192,0,4,787,overlord
54306783,Descent2e,4,GAME_OVER,231,0,4,788,overlord
-1564193712,Descent2e,4,GAME_OVER,242,0,4,789,overlord
727843409,Descent2e,4,GAME_OVER,233,0,4,790,overlord
-1841107893,Descent2e,4,GAME_OVER,262,0,4,791,overlord
1469435623,Descent2e,4,GAME_OVER,279,0,4,792,overlord
750321026,Descent2e,4,GAME_OVER,251,0,4,793,overlord
-555009689,Descent2e,4,GAME_OVER,256,0,4,794,overlord
-2143600459,Descent2e,4,GAME_OVER,248,0,4,795,overlord
1068655429,Descent2e,4,GAME_OVER,231,0,4,796,overlord
-518190764,Descent2e,4,GAME_OVER,236,0,4,797,overlord
-47548423,Descent2e,3,GAME_OVER,180,1,4,798,hero
159254260,Descent2e,4,GAME_OVER,216,0,4,799,overlord
1947433886,Descent2e,4,GAME_OVER,229,0,4,800,overlord
1767686777,Descent2e,5,GAME_OVER,289,0,4,801,overlord
984221742,Descent2e,5,GAME_OVER,282,0,4,802,overlord
-1862561990,Descent2e,4,GAME_OVER,217,0,4,803,overlord
633899036,Descent2e,4,GAME_OVER,223,0,4,804,overlord
1602133398,Descent2e,5,GAME_OVER,289,0,4,805,overlord
1940783386,Descent2e,5,GAME_OVER,289,0,4,806,overlord
1529326549,Descent2e,4,GAME_OVER,246,0,4,807,overlord
145702989,Descent2e,4,GAME_OVER,214,0,4,808,overlord
558256985,Descent2e,4,GAME_OVER,234,0,4,809,overlord
-449330880,Descent2e,5,GAME_OVER,278,0,4,810,overlord
1580692316,Descent2e,5,GAME_OVER,284,0,4,811,overlord
-1708520629,Descent2e,4,GAME_OVER,251,0,4,812,overlord
111120336,Descent2e,4,GAME_OVER,218,0,4,813,overlord
-1419244200,Descent2e,4,GAME_OVER,252,0,4,814,overlord
-1908641243,Descent2e,3,GAME_OVER,192,3,4,815,hero
638731805,Descent2e,5,GAME_OVER,281,0,4,816,overlord
-1003240712,Descent2e,5,GAME_OVER,259,0,4,817,overlord
-182593711,Descent2e,4,GAME_OVER,246,0,4,818,overlord
1849491193,Descent2e,5,GAME_OVER,312,0,4,819,overlord
-1742861219,Descent2e,4,GAME_OVER,256,0,4,820,overlord
892593811,Descent2e,4,GAME_OVER,243,0,4,821,overlord
1846276504,Descent2e,5,GAME_OVER,294,0,4,822,overlord
-181360885,Descent2e,4,GAME_OVER,224,0,4,823,overlord
-515414246,Descent2e,4,GAME_OVER,256,0,4,824,overlord
781733181,Descent2e,5,GAME_OVER,247,0,4,825,overlord
-1017105766,Descent2e,4,GAME_OVER,250,0,4,826,overlord
1757603109,Descent2e,4,GAME_OVER,242,0,4,827,overlord
154994175,Descent2e,4,GAME_OVER,294,0,4,828,overlord
396742337,Descent2e,4,GAME_OVER,240,0,4,829,overlord
-272970616,Descent2e,3,GAME_OVER,184,0,4,830,hero
-819095517,Descent2e,4,GAME_OVER,249,0,4,831,overlord
-1178409292,Descent2e,4,GAME_OVER,189,0,4,832,overlord
547939752,Descent2e,5,GAME_OVER,252,0,4,833,overlord
1104993625,Descent2e,4,GAME_OVER,256,0,4,834,overlord
-660607835,Descent2e,4,GAME_OVER,208,0,4,835,hero
-1620341116,Descent2e,4,GAME_OVER,280,0,4,836,overlord
919376403,Descent2e,4,GAME_OVER,193,0,4,837,overlord
845249300,Descent2e,5,GAME_OVER,244,0,4,838,overlord
1723706879,Descent2e,4,GAME_OVER,252,0,4,839,overlord
-1233601985,Descent2e,4,GAME_OVER,243,0,4,840,overlord
2080118218,Descent2e,3,GAME_OVER,177,2,4,841,hero
-129712049,Descent2e,4,GAME_OVER,237,0,4,842,overlord
554578548,Descent2e,5,GAME_OVER,285,0,4,843,overlord
-29579167,Descent2e,4,GAME_OVER,267,0,4,844,overlord
-1592009324,Descent2e,4,GAME_OVER,231,0,4,845,overlord
103849202,Descent2e,4,GAME_OVER,224,0,4,846,hero
1056003748,Descent2e,3,GAME_OVER,191,1,4,847,hero
-146579085,Descent2e,4,GAME_OVER,217,0,4,848,overlord
685190088,Descent2e,4,GAME_OVER,247,0,4,849,overlord
-608211136,Descent2e,4,GAME_OVER,265,0,4,850,overlord
-31179710,Descent2e,4,GAME_OVER,252,0,4,851,overlord
1126015665,Descent2e,4,GAME_OVER,259,0,4,852,overlord
1191532579,Descent2e,4,GAME_OVER,226,0,4,853,overlord
-899634920,Descent2e,4,GAME_OVER,202,0,4,854,hero
927383561,Descent2e,4,GAME_OVER,205,1,4,855,hero
505237228,Descent2e,3,GAME_OVER,160,0,4,856,hero
-847071012,Descent2e,4,GAME_OVER,205,0,4,857,overlord
-443808393,Descent2e,4,GAME_OVER,243,0,4,858,overlord
1936579312,Descent2e,5,GAME_OVER,205,0,4,859,overlord
-974288463,Descent2e,4,GAME_OVER,221,0,4,860,overlord
-1064924938,Descent2e,4,GAME_OVER,224,0,4,861,overlord
-2051796416,Descent2e,4,GAME_OVER,263,0,4,862,overlord
-1914805605,Descent2e,4,GAME_OVER,213,0,4,863,overlord
569303211,Descent2e,4,GAME_OVER,218,0,4,864,overlord
-1287626796,Descent2e,4,GAME_OVER,266,0,4,865,overlord
-986639809,Descent2e,4,GAME_OVER,262,0,4,866,overlord
-1093739243,Descent2e,4,GAME_OVER,246,0,4,867,overlord
-1109252283,Descent2e,3,GAME_OVER,212,2,4,868,hero
-1222832622,Descent2e,3,GAME_OVER,178,2,4,869,hero
-1435927701,Descent2e,4,GAME_OVER,234,0,4,870,overlord
1321622460,Descent2e,4,GAME_OVER,238,0,4,871,overlord
-755832685,Descent2e,4,GAME_OVER,247,0,4,872,overlord
1304163217,Descent2e,4,GAME_OVER,203,2,4,873,hero
1259181419,Descent2e,4,GAME_OVER,233,0,4,874,overlord
-1055288964,Descent2e,4,GAME_OVER,235,0,4,875,overlord
1356632946,Descent2e,4,GAME_OVER,224,0,4,876,overlord
-1667554605,Descent2e,4,GAME_OVER,248,0,4,877,overlord
-577766309,Descent2e,4,GAME_OVER,255,0,4,878,overlord
241604671,Descent2e,4,GAME_OVER,244,0,4,879,overlord
-1762409235,Descent2e,4,GAME_OVER,241,0,4,880,overlord
-619584118,Descent2e,4,GAME_OVER,255,0,4,881,overlord
811404239,Descent2e,5,GAME_OVER,276,0,4,882,overlord
1359157668,Descent2e,4,GAME_OVER,237,0,4,883,overlord
1972327650,Descent2e,5,GAME_OVER,302,0,4,884,overlord
748058219,Descent2e,3,GAME_OVER,177,2,4,885,hero
1710192151,Descent2e,5,GAME_OVER,243,0,4,886,overlord
-1000878354,Descent2e,4,GAME_OVER,211,0,4,887,overlord
-1444738844,Descent2e,4,GAME_OVER,248,0,4,888,overlord
2076509254,Descent2e,5,GAME_OVER,266,0,4,889,overlord
-1308587068,Descent2e,4,GAME_OVER,222,0,4,890,overlord
408915006,Descent2e,4,GAME_OVER,249,0,4,891,overlord
-82308765,Descent2e,4,GAME_OVER,207,0,4,892,overlord
1936413275,Descent2e,4,GAME_OVER,251,0,4,893,overlord
2063005547,Descent2e,4,GAME_OVER,264,0,4,894,overlord
992955141,Descent2e,4,GAME_OVER,230,0,4,895,overlord
2106438922,Descent2e,4,GAME_OVER,244,0,4,896,overlord
-214070811,Descent2e,4,GAME_OVER,263,0,4,897,overlord
194965928,Descent2e,4,GAME_OVER,277,0,4,898,overlord
-288364621,Descent2e,4,GAME_OVER,251,0,4,899,overlord
-85012888,Descent2e,3,GAME_OVER,200,2,4,900,hero
-1156706053,Descent2e,4,GAME_OVER,256,0,4,901,overlord
-2006765211,Descent2e,4,GAME_OVER,225,0,4,902,hero
-787904844,Descent2e,5,GAME_OVER,307,0,4,903,overlord
-1452343342,Descent2e,4,GAME_OVER,253,0,4,904,overlord
-89425256,Descent2e,4,GAME_OVER,229,0,4,905,overlord
1089346652,Descent2e,4,GAME_OVER,244,0,4,906,overlord
541840540,Descent2e,4,GAME_OVER,211,2,4,907,hero
-196296314,Descent2e,4,GAME_OVER,294,0,4,908,overlord
-886774792,Descent2e,5,GAME_OVER,222,0,4,909,overlord
-1618019367,Descent2e,3,GAME_OVER,193,2,4,910,hero
870159776,Descent2e,5,GAME_OVER,303,0,4,911,overlord
971222547,Descent2e,5,GAME_OVER,283,0,4,912,overlord
-1318694107,Descent2e,4,GAME_OVER,234,0,4,913,overlord
-885573180,Descent2e,4,GAME_OVER,227,0,4,914,overlord
-1322174392,Descent2e,4,GAME_OVER,264,0,4,915,overlord
-764628744,Descent2e,4,GAME_OVER,228,0,4,916,overlord
1596189392,Descent2e,4,GAME_OVER,211,0,4,917,overlord
-1147147810,Descent2e,4,GAME_OVER,231,0,4,918,overlord
1541627746,Descent2e,4,GAME_OVER,226,0,4,919,overlord
339737483,Descent2e,4,GAME_OVER,243,0,4,920,overlord
1059325796,Descent2e,4,GAME_OVER,272,0,4,921,overlord
-1318575286,Descent2e,4,GAME_OVER,243,0,4,922,overlord
2093193017,Descent2e,4,GAME_OVER,230,0,4,923,overlord
692511772,Descent2e,5,GAME_OVER,279,0,4,924,overlord
-1838835368,Descent2e,4,GAME_OVER,234,0,4,925,overlord
838921807,Descent2e,5,GAME_OVER,274,0,4,926,overlord
1167501830,Descent2e,4,GAME_OVER,213,0,4,927,overlord
-1819667622,Descent2e,4,GAME_OVER,263,0,4,928,overlord
765546692,Descent2e,4,GAME_OVER,267,0,4,929,overlord
1229179484,Descent2e,4,GAME_OVER,215,0,4,930,overlord
-29014105,Descent2e,4,GAME_OVER,230,0,4,931,overlord
111846388,Descent2e,4,GAME_OVER,276,0,4,932,overlord
1199140407,Descent2e,4,GAME_OVER,251,0,4,933,overlord
-1529016244,Descent2e,3,GAME_OVER,205,3,4,934,hero
-736037746,Descent2e,5,GAME_OVER,274,0,4,935,overlord
2010847363,Descent2e,5,GAME_OVER,310,0,4,936,overlord
1486179527,Descent2e,4,GAME_OVER,170,0,4,937,hero
1619244266,Descent2e,4,GAME_OVER,224,0,4,938,overlord
-1340836869,Descent2e,4,GAME_OVER,289,0,4,939,overlord
-807973978,Descent2e,5,GAME_OVER,319,0,4,940,overlord
1025702248,Descent2e,5,GAME_OVER,270,0,4,941,overlord
294399926,Descent2e,5,GAME_OVER,306,0,4,942,overlord
-734781075,Descent2e,4,GAME_OVER,254,0,4,943,overlord
-1062683026,Descent2e,4,GAME_OVER,244,0,4,944,overlord
-1811256447,Descent2e,3,GAME_OVER,179,2,4,945,hero
-721647127,Descent2e,4,GAME_OVER,228,0,4,946,overlord
796257621,Descent2e,4,GAME_OVER,207,0,4,947,overlord
-973674243,Descent2e,4,GAME_OVER,247,0,4,948,overlord
-1732037956,Descent2e,4,GAME_OVER,227,0,4,949,overlord
555997622,Descent2e,5,GAME_OVER,305,0,4,950,overlord
1319104781,Descent2e,4,GAME_OVER,215,0,4,951,overlord
276394345,Descent2e,5,GAME_OVER,292,0,4,952,overlord
1383509533,Descent2e,4,GAME_OVER,276,0,4,953,overlord
-1290293806,Descent2e,5,GAME_OVER,255,0,4,954,overlord
-1091056120,Descent2e,4,GAME_OVER,244,0,4,955,overlord
-165909275,Descent2e,4,GAME_OVER,249,0,4,956,overlord
723918933,Descent2e,5,GAME_OVER,244,0,4,957,overlord
-1247924938,Descent2e,4,GAME_OVER,244,0,4,958,overlord
959204425,Descent2e,4,GAME_OVER,259,0,4,959,overlord
-960164062,Descent2e,4,GAME_OVER,229,0,4,960,overlord
-1523763880,Descent2e,4,GAME_OVER,228,0,4,961,overlord
-902566109,Descent2e,4,GAME_OVER,272,0,4,962,overlord
1419111448,Descent2e,4,GAME_OVER,232,0,4,963,overlord
-1951962126,Descent2e,3,GAME_OVER,179,2,4,964,hero
-1712403155,Descent2e,4,GAME_OVER,245,0,4,965,overlord
-901197978,Descent2e,4,GAME_OVER,252,0,4,966,overlord
461528819,Descent2e,4,GAME_OVER,249,0,4,967,overlord
319041326,Descent2e,4,GAME_OVER,218,0,4,968,overlord
-352116732,Descent2e,4,GAME_OVER,197,0,4,969,overlord
1186939613,Descent2e,4,GAME_OVER,250,0,4,970,overlord
470424515,Descent2e,4,GAME_OVER,259,0,4,971,overlord
-1238405414,Descent2e,4,GAME_OVER,241,2,4,972,hero
-451178611,Descent2e,2,GAME_OVER,165,3,4,973,hero
577630265,Descent2e,4,GAME_OVER,258,0,4,974,overlord
1831764559,Descent2e,4,GAME_OVER,246,0,4,975,overlord
-500171898,Descent2e,5,GAME_OVER,230,1,4,976,hero
1648474503,Descent2e,4,GAME_OVER,217,2,4,977,hero
1243320580,Descent2e,5,GAME_OVER,285,0,4,978,overlord
955400693,Descent2e,4,GAME_OVER,234,0,4,979,overlord
-1772563722,Descent2e,4,GAME_OVER,244,0,4,980,overlord
1969004438,Descent2e,4,GAME_OVER,249,0,4,981,overlord
-311861531,Descent2e,4,GAME_OVER,217,0,4,982,overlord
1225062294,Descent2e,4,GAME_OVER,221,0,4,983,overlord
-1372284667,Descent2e,4,GAME_OVER,258,0,4,984,overlord
-1673529255,Descent2e,3,GAME_OVER,213,2,4,985,hero
-1465872093,Descent2e,5,GAME_OVER,268,0,4,986,overlord
-1615448366,Descent2e,4,GAME_OVER,256,0,4,987,overlord
-281724218,Descent2e,4,GAME_OVER,246,0,4,988,overlord
-46727749,Descent2e,5,GAME_OVER,299,0,4,989,overlord
2073800295,Descent2e,4,GAME_OVER,238,0,4,990,overlord
-1854705035,Descent2e,4,GAME_OVER,236,0,4,991,overlord
-451403797,Descent2e,4,GAME_OVER,249,0,4,992,overlord
-2109911927,Descent2e,4,GAME_OVER,263,0,4,993,overlord
-296962363,Descent2e,4,GAME_OVER,228,0,4,994,overlord
257390640,Descent2e,4,GAME_OVER,195,0,4,995,overlord
-1408135574,Descent2e,3,GAME_OVER,209,2,4,996,hero
-64116411,Descent2e,4,GAME_OVER,225,0,4,997,overlord
1542285821,Descent2e,4,GAME_OVER,207,0,4,998,overlord
-930516085,Descent2e,4,GAME_OVER,233,0,4,999,overlord
-740809635,Descent2e,4,GAME_OVER,238,0,4,1000,overlord
878165561,Descent2e,4,GAME_OVER,243,0,4,1001,overlord
